<?xml version="1.0" encoding="UTF-8"?>

<Bundle xmlns="http://hl7.org/fhir">
  <id value="PDR-johndoe-datareceipt"/>
  <meta>
    <versionId value="1"/>
    <lastUpdated value="2018-10-04T19:42:52.061-04:00"/>
  </meta>
  <type value="datareceipt"/>
  <entry>
    <fullUrl value="http://localhost:3000/baseR4/Claim/claim-johndoe-zyrtec"/>
    <resource>
      <DocumentManifest>
        <text>
          <status value="generated"/><div xmlns="http://www.w3.org/1999/xhtml"><p><b>Generated Narrative</b></p><div style="display: inline-block; background-color: #d9e0e7; padding: 6px; margin: 4px; border: 1px solid #8da1b4; border-radius: 5px; line-height: 60%"></div><p><b>content</b>: </p><ul><li><a href="Claim/claim-johndoe-zyrtec">Claim/claim-johndoe-zyrtec: Purchase receipt for Zyrtec</a></li><li><a href="Medication/zyrtec">Medication/zyrtec: Zyrtec</a></li></ul></div>
        </text>
        <content>
          <reference value="Claim/claim-johndoe-zyrtec"/>
          <display value="Purchase receipt for Zyrtec"/>
        </content>
        <content>
          <reference value="Medication/zyrtec"/>
          <display value="Zyrtec"/>
        </content>
      </DocumentManifest>
    </resource>
  </entry>
</Bundle>