{"resourceType":"ImplementationGuide","id":"mitre.fhir.hm.pdr","text":{"status":"extensions","div":"<div xmlns=\"http://www.w3.org/1999/xhtml\"><h2>HealthDataReceipt</h2><p>The official URL for this implementation guide is: </p><pre>https://github.com/Open-Health-Manager/patient-data-receipt-ig/ImplementationGuide/mitre.fhir.hm.pdr</pre></div>"},"url":"https://github.com/Open-Health-Manager/patient-data-receipt-ig/ImplementationGuide/mitre.fhir.hm.pdr","version":"0.1.0","name":"HealthDataReceipt","status":"draft","date":"2022-04-07T10:41:20-05:00","publisher":"Health Manager","contact":[{"name":"Health Manager","telecom":[{"system":"url","value":"https://mitre.sharepoint.com/sites/healthmanager"}]}],"packageId":"mitre.fhir.hm.pdr","license":"CC0-1.0","fhirVersion":["4.0.1"],"definition":{"extension":[{"extension":[{"url":"code","valueString":"copyrightyear"},{"url":"value","valueString":"2022+"}],"url":"http://hl7.org/fhir/tools/StructureDefinition/ig-parameter"},{"extension":[{"url":"code","valueString":"releaselabel"},{"url":"value","valueString":"ci-build"}],"url":"http://hl7.org/fhir/tools/StructureDefinition/ig-parameter"},{"extension":[{"url":"code","valueString":"path-liquid"},{"url":"value","valueString":"template/liquid"}],"url":"http://hl7.org/fhir/tools/StructureDefinition/ig-parameter"},{"extension":[{"url":"code","valueString":"path-liquid"},{"url":"value","valueString":"input/liquid"}],"url":"http://hl7.org/fhir/tools/StructureDefinition/ig-parameter"},{"extension":[{"url":"code","valueString":"path-qa"},{"url":"value","valueString":"temp/qa"}],"url":"http://hl7.org/fhir/tools/StructureDefinition/ig-parameter"},{"extension":[{"url":"code","valueString":"path-temp"},{"url":"value","valueString":"temp/pages"}],"url":"http://hl7.org/fhir/tools/StructureDefinition/ig-parameter"},{"extension":[{"url":"code","valueString":"path-output"},{"url":"value","valueString":"output"}],"url":"http://hl7.org/fhir/tools/StructureDefinition/ig-parameter"},{"extension":[{"url":"code","valueString":"path-suppressed-warnings"},{"url":"value","valueString":"input/ignoreWarnings.txt"}],"url":"http://hl7.org/fhir/tools/StructureDefinition/ig-parameter"},{"extension":[{"url":"code","valueString":"path-history"},{"url":"value","valueString":"https://github.com/Open-Health-Manager/patient-data-receipt-ig/history.html"}],"url":"http://hl7.org/fhir/tools/StructureDefinition/ig-parameter"},{"extension":[{"url":"code","valueString":"template-html"},{"url":"value","valueString":"template-page.html"}],"url":"http://hl7.org/fhir/tools/StructureDefinition/ig-parameter"},{"extension":[{"url":"code","valueString":"template-md"},{"url":"value","valueString":"template-page-md.html"}],"url":"http://hl7.org/fhir/tools/StructureDefinition/ig-parameter"},{"extension":[{"url":"code","valueString":"apply-contact"},{"url":"value","valueString":"true"}],"url":"http://hl7.org/fhir/tools/StructureDefinition/ig-parameter"},{"extension":[{"url":"code","valueString":"apply-context"},{"url":"value","valueString":"true"}],"url":"http://hl7.org/fhir/tools/StructureDefinition/ig-parameter"},{"extension":[{"url":"code","valueString":"apply-copyright"},{"url":"value","valueString":"true"}],"url":"http://hl7.org/fhir/tools/StructureDefinition/ig-parameter"},{"extension":[{"url":"code","valueString":"apply-jurisdiction"},{"url":"value","valueString":"true"}],"url":"http://hl7.org/fhir/tools/StructureDefinition/ig-parameter"},{"extension":[{"url":"code","valueString":"apply-license"},{"url":"value","valueString":"true"}],"url":"http://hl7.org/fhir/tools/StructureDefinition/ig-parameter"},{"extension":[{"url":"code","valueString":"apply-publisher"},{"url":"value","valueString":"true"}],"url":"http://hl7.org/fhir/tools/StructureDefinition/ig-parameter"},{"extension":[{"url":"code","valueString":"apply-version"},{"url":"value","valueString":"true"}],"url":"http://hl7.org/fhir/tools/StructureDefinition/ig-parameter"},{"extension":[{"url":"code","valueString":"active-tables"},{"url":"value","valueString":"true"}],"url":"http://hl7.org/fhir/tools/StructureDefinition/ig-parameter"},{"extension":[{"url":"code","valueString":"fmm-definition"},{"url":"value","valueString":"http://hl7.org/fhir/versions.html#maturity"}],"url":"http://hl7.org/fhir/tools/StructureDefinition/ig-parameter"},{"extension":[{"url":"code","valueString":"propagate-status"},{"url":"value","valueString":"true"}],"url":"http://hl7.org/fhir/tools/StructureDefinition/ig-parameter"},{"extension":[{"url":"code","valueString":"excludelogbinaryformat"},{"url":"value","valueString":"true"}],"url":"http://hl7.org/fhir/tools/StructureDefinition/ig-parameter"}],"grouping":[{"id":"-str-profile","name":"Structures: Resource Profiles","description":"These define constraints on FHIR resources for systems conforming to this implementation guide"},{"id":"-str-extension","name":"Structures: Extension Definitions","description":"These define constraints on FHIR data types for systems conforming to this implementation guide"},{"id":"-ex-example","name":"Example: Example Instances","description":"These are example instances that show what data produced and consumed by systems conforming with this implementation guide might look like"},{"id":"-other","name":"Other","description":"These are resources that are used within this implementation guide that do not fit into one of the other categories"}],"resource":[{"extension":[{"url":"http://hl7.org/fhir/StructureDefinition/implementationguide-page","valueUri":"StructureDefinition-DehydratedBundle.html"}],"reference":{"reference":"StructureDefinition/DehydratedBundle"},"name":"PDR - Dehydrated Bundle","description":"Data receipt payload structure containing a dehydrated Bundle resource, with links to external data sources.","exampleBoolean":false,"groupingId":"-str-profile"},{"extension":[{"url":"http://hl7.org/fhir/StructureDefinition/implementationguide-page","valueUri":"StructureDefinition-DehydratedDocumentManifest.html"}],"reference":{"reference":"StructureDefinition/DehydratedDocumentManifest"},"name":"PDR - Document Manifest","description":"Data receipt payload structure containing a dehydrated DocumentManifest resource, with links to external data sources.","exampleBoolean":false,"groupingId":"-str-profile"},{"extension":[{"url":"http://hl7.org/fhir/StructureDefinition/implementationguide-page","valueUri":"StructureDefinition-PatientDataReceiptHeader.html"}],"reference":{"reference":"StructureDefinition/PatientDataReceiptHeader"},"name":"PDR - Message Header","description":"Message Header for a Patient Data Receipt.","exampleBoolean":false,"groupingId":"-str-profile"},{"extension":[{"url":"http://hl7.org/fhir/StructureDefinition/implementationguide-page","valueUri":"StructureDefinition-PdrAppointmentReminder.html"}],"reference":{"reference":"StructureDefinition/PdrAppointmentReminder"},"name":"PDR - Appointment Reminder","description":"Data receipt for a scheduled appointment.  Analogous to an appointment reminder business card.","exampleBoolean":false,"groupingId":"-str-profile"},{"extension":[{"url":"http://hl7.org/fhir/StructureDefinition/implementationguide-page","valueUri":"StructureDefinition-PdrFinancialReceipt.html"}],"reference":{"reference":"StructureDefinition/PdrFinancialReceipt"},"name":"PDR - Financial Receipt","description":"Financial receipt for over-the-counter (OTC) purchases.  Based off the Claim resource.","exampleBoolean":false,"groupingId":"-str-profile"},{"extension":[{"url":"http://hl7.org/fhir/StructureDefinition/implementationguide-page","valueUri":"StructureDefinition-VaccineCard.html"}],"reference":{"reference":"StructureDefinition/VaccineCard"},"name":"PDR - Vaccine Card","description":"Data receipt analog of a vaccination card showing proof of viral immunity.","exampleBoolean":false,"groupingId":"-str-profile"},{"extension":[{"url":"http://hl7.org/fhir/StructureDefinition/implementationguide-page","valueUri":"StructureDefinition-AccountExtension.html"}],"reference":{"reference":"StructureDefinition/AccountExtension"},"name":"Account Extension","description":"Support specification of the target account for a patient data receipt message","exampleBoolean":false,"groupingId":"-str-extension"},{"extension":[{"url":"http://hl7.org/fhir/StructureDefinition/implementationguide-page","valueUri":"Bundle-PDR-appointment-reminder.html"}],"reference":{"reference":"Bundle/PDR-appointment-reminder"},"name":"PDR-appointment-reminder","description":"John Doe - Appointment reminder using a SMART HealthLink.","exampleBoolean":true,"groupingId":"-ex-example"},{"extension":[{"url":"http://hl7.org/fhir/StructureDefinition/implementationguide-page","valueUri":"Immunization-PDR-immunization-record.html"}],"reference":{"reference":"Immunization/PDR-immunization-record"},"name":"PDR-immunization-record","description":"John Doe - Immunization record for influenza vaccination.","exampleBoolean":true,"groupingId":"-ex-example"},{"extension":[{"url":"http://hl7.org/fhir/StructureDefinition/implementationguide-page","valueUri":"MessageHeader-PDR-notification-messageheader.html"}],"reference":{"reference":"MessageHeader/PDR-notification-messageheader"},"name":"PDR-notification-messageheader","description":"An example patient data receipt message header","exampleCanonical":"https://github.com/Open-Health-Manager/patient-data-receipt-ig/StructureDefinition/PatientDataReceiptHeader","groupingId":"-ex-example"},{"extension":[{"url":"http://hl7.org/fhir/StructureDefinition/implementationguide-page","valueUri":"Bundle-PDR-notification-payload.html"}],"reference":{"reference":"Bundle/PDR-notification-payload"},"name":"PDR-notification-payload","description":"John Doe - Data payload of a push notification receipt notifying a patient of new claim registered with their patient portal.","exampleBoolean":true,"groupingId":"-ex-example"},{"extension":[{"url":"http://hl7.org/fhir/StructureDefinition/implementationguide-page","valueUri":"Claim-PDR-purchase-receipt.html"}],"reference":{"reference":"Claim/PDR-purchase-receipt"},"name":"PDR-purchase-receipt","description":"John Doe - Over the counter (OTC) purchase receipt for bottle of Zyrtec antihistamine.","exampleBoolean":true,"groupingId":"-ex-example"},{"extension":[{"url":"http://hl7.org/fhir/StructureDefinition/implementationguide-page","valueUri":"Bundle-pdr-message.html"}],"reference":{"reference":"Bundle/pdr-message"},"name":"PDR Message Example","description":"Example of a full patient data receipt message","exampleBoolean":false,"groupingId":"-other"},{"extension":[{"url":"http://hl7.org/fhir/StructureDefinition/implementationguide-page","valueUri":"Procedure-pdr-create-colonoscopy.html"}],"reference":{"reference":"Procedure/pdr-create-colonoscopy"},"name":"PDR RESTful Create Example","description":"Example of a RESTful create of an individual procedure as a patient data receipt","exampleBoolean":false,"groupingId":"-other"}],"page":{"nameUrl":"toc.html","title":"Table of Contents","generation":"html","page":[{"nameUrl":"index.html","title":"Home","generation":"markdown"},{"nameUrl":"connectathon.html","title":"Connectathon","generation":"markdown"},{"nameUrl":"implementation.html","title":"Implementation","generation":"markdown"},{"nameUrl":"usecases.html","title":"Usecases","generation":"markdown"},{"nameUrl":"artifacts.html","title":"Artifacts Summary","generation":"html","page":[{"nameUrl":"StructureDefinition-DehydratedBundle.html","title":"PDR - Dehydrated Bundle","generation":"generated"},{"nameUrl":"StructureDefinition-DehydratedDocumentManifest.html","title":"PDR - Document Manifest","generation":"generated"},{"nameUrl":"StructureDefinition-PatientDataReceiptHeader.html","title":"PDR - Message Header","generation":"generated"},{"nameUrl":"StructureDefinition-PdrAppointmentReminder.html","title":"PDR - Appointment Reminder","generation":"generated"},{"nameUrl":"StructureDefinition-PdrFinancialReceipt.html","title":"PDR - Financial Receipt","generation":"generated"},{"nameUrl":"StructureDefinition-VaccineCard.html","title":"PDR - Vaccine Card","generation":"generated"},{"nameUrl":"StructureDefinition-AccountExtension.html","title":"Account Extension","generation":"generated"},{"nameUrl":"Bundle-PDR-appointment-reminder.html","title":"PDR-appointment-reminder","generation":"generated"},{"nameUrl":"Immunization-PDR-immunization-record.html","title":"PDR-immunization-record","generation":"generated"},{"nameUrl":"MessageHeader-PDR-notification-messageheader.html","title":"PDR-notification-messageheader","generation":"generated"},{"nameUrl":"Bundle-PDR-notification-payload.html","title":"PDR-notification-payload","generation":"generated"},{"nameUrl":"Claim-PDR-purchase-receipt.html","title":"PDR-purchase-receipt","generation":"generated"},{"nameUrl":"Bundle-pdr-message.html","title":"PDR Message Example","generation":"generated"},{"nameUrl":"Procedure-pdr-create-colonoscopy.html","title":"PDR RESTful Create Example","generation":"generated"}]}]},"parameter":[{"code":"path-resource","value":"input/capabilities"},{"code":"path-resource","value":"input/examples"},{"code":"path-resource","value":"input/extensions"},{"code":"path-resource","value":"input/models"},{"code":"path-resource","value":"input/operations"},{"code":"path-resource","value":"input/profiles"},{"code":"path-resource","value":"input/resources"},{"code":"path-resource","value":"input/vocabulary"},{"code":"path-resource","value":"input/maps"},{"code":"path-resource","value":"input/testing"},{"code":"path-resource","value":"input/history"},{"code":"path-resource","value":"fsh-generated/resources"},{"code":"path-pages","value":"template/config"},{"code":"path-pages","value":"input/images"},{"code":"path-tx-cache","value":"input-cache/txcache"}]}}