{
  "resourceType": "Immunization",
  "id": "PDR-johndoe-fluzone",
  "meta": {
    "versionId": "1",
    "lastUpdated": "2018-10-04T19:42:52.061-04:00"
  },
  "text": {
    "status": "generated",
    "div": "<div xmlns=\"http://www.w3.org/1999/xhtml\"><p><b>Generated Narrative</b></p><div style=\"display: inline-block; background-color: #d9e0e7; padding: 6px; margin: 4px; border: 1px solid #8da1b4; border-radius: 5px; line-height: 60%\"><p style=\"margin-bottom: 0px\">Resource \"PDR-johndoe-fluzone\" Version \"1\" Updated \"2018-10-04 07:42:52-0400\" </p></div><p><b>status</b>: completed</p><p><b>vaccineCode</b>: influenza, injectable, quadrivalent <span style=\"background: LightGoldenRodYellow; margin: 4px; border: 1px solid khaki\"> (<a href=\"http://terminology.hl7.org/3.1.0/CodeSystem-CVX.html\">PH_VaccinesAdministeredCVX_CDC_NIP</a>#158; <a href=\"http://terminology.hl7.org/3.1.0/CodeSystem-v3-ndc.html\">National drug codes</a>#49281-0623-78 \"FLUZONE QUADRIVALENT\")</span></p><p><b>patient</b>: <a href=\"Patient/john-doe\">Patient/john-doe: John Doe</a></p><p><b>occurrence</b>: 2016-01-08</p><p><b>primarySource</b>: false</p></div>"
  },
  "status": "completed",
  "vaccineCode": {
    "coding": [
      {
        "system": "http://hl7.org/fhir/sid/cvx",
        "code": "158",
        "display": "influenza, injectable, quadrivalent"
      },
      {
        "system": "http://hl7.org/fhir/sid/ndc",
        "code": "49281-0623-78",
        "display": "FLUZONE QUADRIVALENT"
      }
    ]
  },
  "patient": {
    "reference": "Patient/john-doe",
    "display": "John Doe"
  },
  "occurrenceDateTime": "2016-01-08",
  "primarySource": false
}