<?xml version="1.0" encoding="UTF-8"?><ExampleScenario xmlns="http://hl7.org/fhir"><id value="ExampleScenario-PurchaseReceipt"/><url value="https://github.com/Open-Health-Manager/patient-data-receipt-ig/ExampleScenario/ExampleScenario-PurchaseReceipt"/><version value="0.2.2"/><status value="active"/><date value="2022-10-04T09:22:56-06:00"/><publisher value="Health Manager"/><contact><name value="Health Manager"/><telecom><system value="url"/><value value="https://mitre.sharepoint.com/sites/healthmanager"/></telecom></contact></ExampleScenario>