<?xml version="1.0" encoding="UTF-8"?>

<Bundle xmlns="http://hl7.org/fhir">
  <id value="PDR-appointment-reminder"/>
  <meta>
    <versionId value="1"/>
    <lastUpdated value="2019-11-05T11:00:00.000-00:00"/>
  </meta>
  <type value="datareceipt"/>
  <entry>
    <fullUrl value="http://tinyurl.com/87cd87cvd8cc"/>
    <resource>
      <DocumentManifest>
        <text>
          <status value="generated"/><div xmlns="http://www.w3.org/1999/xhtml"><p><b>Generated Narrative</b></p><div style="display: inline-block; background-color: #d9e0e7; padding: 6px; margin: 4px; border: 1px solid #8da1b4; border-radius: 5px; line-height: 60%"></div><p><b>content</b>: <a href="Appointment/8jwd8hcnw8dhcdu8h8vd8h">Appointment/8jwd8hcnw8dhcdu8h8vd8h: March 2019-11-05</a></p></div>
        </text>
        <content>
          <reference value="Appointment/8jwd8hcnw8dhcdu8h8vd8h"/>
          <display value="March 2019-11-05"/>
        </content>
      </DocumentManifest>
    </resource>
  </entry>
</Bundle>