{"resourceType":"ImplementationGuide","id":"mitre.fhir.hm.pdr","text":{"status":"extensions","div":"<div xmlns=\"http://www.w3.org/1999/xhtml\"><h2>HealthDataReceipt</h2><p>The official URL for this implementation guide is: </p><pre>https://github.com/Open-Health-Manager/patient-data-receipt-ig/ImplementationGuide/mitre.fhir.hm.pdr</pre></div>"},"url":"https://github.com/Open-Health-Manager/patient-data-receipt-ig/ImplementationGuide/mitre.fhir.hm.pdr","version":"0.2.2","name":"HealthDataReceipt","status":"draft","date":"2022-10-04T09:22:56-06:00","publisher":"Health Manager","contact":[{"name":"Health Manager","telecom":[{"system":"url","value":"https://mitre.sharepoint.com/sites/healthmanager"}]}],"packageId":"mitre.fhir.hm.pdr","license":"CC0-1.0","fhirVersion":["4.0.1"],"dependsOn":[{"id":"higtools","uri":"http://hl7.org/fhir/tools/ImplementationGuide/hl7.fhir.uv.tools","packageId":"hl7.fhir.uv.tools","version":"current"},{"id":"hl7tx","uri":"http://terminology.hl7.org/ImplementationGuide/hl7.terminology","packageId":"hl7.terminology.r4","version":"4.0.0"}],"definition":{"extension":[{"extension":[{"url":"code","valueString":"copyrightyear"},{"url":"value","valueString":"2022+"}],"url":"http://hl7.org/fhir/tools/StructureDefinition/ig-parameter"},{"extension":[{"url":"code","valueString":"releaselabel"},{"url":"value","valueString":"ci-build"}],"url":"http://hl7.org/fhir/tools/StructureDefinition/ig-parameter"},{"extension":[{"url":"code","valueString":"path-liquid"},{"url":"value","valueString":"template/liquid"}],"url":"http://hl7.org/fhir/tools/StructureDefinition/ig-parameter"},{"extension":[{"url":"code","valueString":"path-liquid"},{"url":"value","valueString":"input/liquid"}],"url":"http://hl7.org/fhir/tools/StructureDefinition/ig-parameter"},{"extension":[{"url":"code","valueString":"path-qa"},{"url":"value","valueString":"temp/qa"}],"url":"http://hl7.org/fhir/tools/StructureDefinition/ig-parameter"},{"extension":[{"url":"code","valueString":"path-temp"},{"url":"value","valueString":"temp/pages"}],"url":"http://hl7.org/fhir/tools/StructureDefinition/ig-parameter"},{"extension":[{"url":"code","valueString":"path-output"},{"url":"value","valueString":"output"}],"url":"http://hl7.org/fhir/tools/StructureDefinition/ig-parameter"},{"extension":[{"url":"code","valueString":"path-suppressed-warnings"},{"url":"value","valueString":"input/ignoreWarnings.txt"}],"url":"http://hl7.org/fhir/tools/StructureDefinition/ig-parameter"},{"extension":[{"url":"code","valueString":"path-history"},{"url":"value","valueString":"https://github.com/Open-Health-Manager/patient-data-receipt-ig/history.html"}],"url":"http://hl7.org/fhir/tools/StructureDefinition/ig-parameter"},{"extension":[{"url":"code","valueString":"template-html"},{"url":"value","valueString":"template-page.html"}],"url":"http://hl7.org/fhir/tools/StructureDefinition/ig-parameter"},{"extension":[{"url":"code","valueString":"template-md"},{"url":"value","valueString":"template-page-md.html"}],"url":"http://hl7.org/fhir/tools/StructureDefinition/ig-parameter"},{"extension":[{"url":"code","valueString":"apply-contact"},{"url":"value","valueString":"true"}],"url":"http://hl7.org/fhir/tools/StructureDefinition/ig-parameter"},{"extension":[{"url":"code","valueString":"apply-context"},{"url":"value","valueString":"true"}],"url":"http://hl7.org/fhir/tools/StructureDefinition/ig-parameter"},{"extension":[{"url":"code","valueString":"apply-copyright"},{"url":"value","valueString":"true"}],"url":"http://hl7.org/fhir/tools/StructureDefinition/ig-parameter"},{"extension":[{"url":"code","valueString":"apply-jurisdiction"},{"url":"value","valueString":"true"}],"url":"http://hl7.org/fhir/tools/StructureDefinition/ig-parameter"},{"extension":[{"url":"code","valueString":"apply-license"},{"url":"value","valueString":"true"}],"url":"http://hl7.org/fhir/tools/StructureDefinition/ig-parameter"},{"extension":[{"url":"code","valueString":"apply-publisher"},{"url":"value","valueString":"true"}],"url":"http://hl7.org/fhir/tools/StructureDefinition/ig-parameter"},{"extension":[{"url":"code","valueString":"apply-version"},{"url":"value","valueString":"true"}],"url":"http://hl7.org/fhir/tools/StructureDefinition/ig-parameter"},{"extension":[{"url":"code","valueString":"active-tables"},{"url":"value","valueString":"true"}],"url":"http://hl7.org/fhir/tools/StructureDefinition/ig-parameter"},{"extension":[{"url":"code","valueString":"fmm-definition"},{"url":"value","valueString":"http://hl7.org/fhir/versions.html#maturity"}],"url":"http://hl7.org/fhir/tools/StructureDefinition/ig-parameter"},{"extension":[{"url":"code","valueString":"propagate-status"},{"url":"value","valueString":"true"}],"url":"http://hl7.org/fhir/tools/StructureDefinition/ig-parameter"},{"extension":[{"url":"code","valueString":"excludelogbinaryformat"},{"url":"value","valueString":"true"}],"url":"http://hl7.org/fhir/tools/StructureDefinition/ig-parameter"}],"grouping":[{"id":"-str-profile","name":"Structures: Resource Profiles","description":"These define constraints on FHIR resources for systems conforming to this implementation guide"},{"id":"-str-extension","name":"Structures: Extension Definitions","description":"These define constraints on FHIR data types for systems conforming to this implementation guide"},{"id":"-ex-examplescenario","name":"Example: Example Scenarios","description":"These define groups of interrelated examples that demonstrate one or more of the workflows supported by this implementation guide"},{"id":"-ex-example","name":"Example: Example Instances","description":"These are example instances that show what data produced and consumed by systems conforming with this implementation guide might look like"},{"id":"-other","name":"Other","description":"These are resources that are used within this implementation guide that do not fit into one of the other categories"}],"resource":[{"extension":[{"url":"http://hl7.org/fhir/StructureDefinition/implementationguide-page","valueUri":"StructureDefinition-DehydratedBundle.html"}],"reference":{"reference":"StructureDefinition/DehydratedBundle"},"name":"PDR - Dehydrated Bundle","description":"Data receipt payload structure containing a dehydrated Bundle resource, with links to external data sources.","exampleBoolean":false,"groupingId":"-str-profile"},{"extension":[{"url":"http://hl7.org/fhir/StructureDefinition/implementationguide-page","valueUri":"StructureDefinition-DehydratedDocumentManifest.html"}],"reference":{"reference":"StructureDefinition/DehydratedDocumentManifest"},"name":"PDR - Document Manifest","description":"Data receipt payload structure containing a dehydrated DocumentManifest resource, with links to external data sources.","exampleBoolean":false,"groupingId":"-str-profile"},{"extension":[{"url":"http://hl7.org/fhir/StructureDefinition/implementationguide-page","valueUri":"StructureDefinition-PatientDataReceiptHeader.html"}],"reference":{"reference":"StructureDefinition/PatientDataReceiptHeader"},"name":"PDR - Message Header","description":"Message Header for a Patient Data Receipt.","exampleBoolean":false,"groupingId":"-str-profile"},{"extension":[{"url":"http://hl7.org/fhir/StructureDefinition/implementationguide-page","valueUri":"StructureDefinition-PdrAppointmentReminder.html"}],"reference":{"reference":"StructureDefinition/PdrAppointmentReminder"},"name":"PDR - Appointment Reminder","description":"Data receipt for a scheduled appointment.  Analogous to an appointment reminder business card.","exampleBoolean":false,"groupingId":"-str-profile"},{"extension":[{"url":"http://hl7.org/fhir/StructureDefinition/implementationguide-page","valueUri":"StructureDefinition-PdrFinancialReceipt.html"}],"reference":{"reference":"StructureDefinition/PdrFinancialReceipt"},"name":"PDR - Financial Receipt","description":"Financial receipt for over-the-counter (OTC) purchases.  Based off the Claim resource.","exampleBoolean":false,"groupingId":"-str-profile"},{"extension":[{"url":"http://hl7.org/fhir/StructureDefinition/implementationguide-page","valueUri":"StructureDefinition-VaccineCard.html"}],"reference":{"reference":"StructureDefinition/VaccineCard"},"name":"PDR - Vaccine Card","description":"Data receipt analog of a vaccination card showing proof of viral immunity.","exampleBoolean":false,"groupingId":"-str-profile"},{"extension":[{"url":"http://hl7.org/fhir/StructureDefinition/implementationguide-page","valueUri":"StructureDefinition-AccountExtension.html"}],"reference":{"reference":"StructureDefinition/AccountExtension"},"name":"Extension-Account","description":"Support specification of the target account for a patient data receipt message","exampleBoolean":false,"groupingId":"-str-extension"},{"extension":[{"url":"http://hl7.org/fhir/StructureDefinition/implementationguide-page","valueUri":"Appointment-Appointment-1.html"}],"reference":{"reference":"Appointment/Appointment-1"},"name":"Appointment-1","description":"Appointment - Jane Doe at Fast Scan Radiology","exampleBoolean":true,"groupingId":"-ex-example"},{"extension":[{"url":"http://hl7.org/fhir/StructureDefinition/implementationguide-page","valueUri":"Condition-Condition-Hematoma.html"}],"reference":{"reference":"Condition/Condition-Hematoma"},"name":"Condition-Hematoma","description":"Jane Smith - Hematoma","exampleBoolean":true,"groupingId":"-ex-example"},{"extension":[{"url":"http://hl7.org/fhir/StructureDefinition/implementationguide-page","valueUri":"Device-Device-HealthApp.html"}],"reference":{"reference":"Device/Device-HealthApp"},"name":"Device-HealthApp","description":"Device - Health App","exampleBoolean":true,"groupingId":"-ex-example"},{"extension":[{"url":"http://hl7.org/fhir/StructureDefinition/implementationguide-page","valueUri":"Device-Device-HealthManager.html"}],"reference":{"reference":"Device/Device-HealthManager"},"name":"Device-HealthManager","description":"Device - Health Manager","exampleBoolean":true,"groupingId":"-ex-example"},{"extension":[{"url":"http://hl7.org/fhir/StructureDefinition/implementationguide-page","valueUri":"Device-Device-HospitalEhr.html"}],"reference":{"reference":"Device/Device-HospitalEhr"},"name":"Device-HospitalEhr","description":"Device - Hospital EHR","exampleBoolean":true,"groupingId":"-ex-example"},{"extension":[{"url":"http://hl7.org/fhir/StructureDefinition/implementationguide-page","valueUri":"Device-Device-Smartphone.html"}],"reference":{"reference":"Device/Device-Smartphone"},"name":"Device-Smartphone","description":"Device - Smart Phone (John Smith)","exampleBoolean":true,"groupingId":"-ex-example"},{"extension":[{"url":"http://hl7.org/fhir/StructureDefinition/implementationguide-page","valueUri":"Device-Device-Wearable.html"}],"reference":{"reference":"Device/Device-Wearable"},"name":"Device-Wearable","description":"Device - Wearable Smart Clothing","exampleBoolean":true,"groupingId":"-ex-example"},{"extension":[{"url":"http://hl7.org/fhir/StructureDefinition/implementationguide-page","valueUri":"DiagnosticReport-DiagnosticReport-CtScan.html"}],"reference":{"reference":"DiagnosticReport/DiagnosticReport-CtScan"},"name":"DiagnosticReport-CtScan","description":"Jane Smith - Diagnostic Report for CT Scan","exampleBoolean":true,"groupingId":"-ex-example"},{"extension":[{"url":"http://hl7.org/fhir/StructureDefinition/implementationguide-page","valueUri":"Encounter-Encounter-StJames-1.html"}],"reference":{"reference":"Encounter/Encounter-StJames-1"},"name":"Encounter-StJames-1","description":"Encounter - John Smith at St. James Infirmary with primary care provider.","exampleBoolean":true,"groupingId":"-ex-example"},{"extension":[{"url":"http://hl7.org/fhir/StructureDefinition/implementationguide-page","valueUri":"Encounter-Encounter-Telehealth-1.html"}],"reference":{"reference":"Encounter/Encounter-Telehealth-1"},"name":"Encounter-Telehealth-1","description":"Encounter - Jane Smith with telehealth app and out-of-network neurologist.","exampleBoolean":true,"groupingId":"-ex-example"},{"extension":[{"url":"http://hl7.org/fhir/StructureDefinition/implementationguide-page","valueUri":"ExampleScenario-ExampleScenario-Appointment.html"}],"reference":{"reference":"ExampleScenario/ExampleScenario-Appointment"},"name":"ExampleScenario-Appointment","description":"Example Scenario:  Appointment","exampleBoolean":false,"groupingId":"-ex-examplescenario"},{"extension":[{"url":"http://hl7.org/fhir/StructureDefinition/implementationguide-page","valueUri":"ExampleScenario-ExampleScenario-Notification.html"}],"reference":{"reference":"ExampleScenario/ExampleScenario-Notification"},"name":"ExampleScenario-Notification","description":"Example Scenario:  Push Notification","exampleBoolean":false,"groupingId":"-ex-examplescenario"},{"extension":[{"url":"http://hl7.org/fhir/StructureDefinition/implementationguide-page","valueUri":"ExampleScenario-ExampleScenario-PurchaseReceipt.html"}],"reference":{"reference":"ExampleScenario/ExampleScenario-PurchaseReceipt"},"name":"ExampleScenario-PurchaseReceipt","description":"Example Scenario:  Purchase Receipt","exampleBoolean":false,"groupingId":"-ex-examplescenario"},{"extension":[{"url":"http://hl7.org/fhir/StructureDefinition/implementationguide-page","valueUri":"ExampleScenario-ExampleScenario-VaccineCard.html"}],"reference":{"reference":"ExampleScenario/ExampleScenario-VaccineCard"},"name":"ExampleScenario-VaccineCard","description":"Example Scenario:  Vaccine Card","exampleBoolean":false,"groupingId":"-ex-examplescenario"},{"extension":[{"url":"http://hl7.org/fhir/StructureDefinition/implementationguide-page","valueUri":"Organization-Organization-AcmePharmacy.html"}],"reference":{"reference":"Organization/Organization-AcmePharmacy"},"name":"Organization-AcmePharmacy","description":"Organization - ACME Pharmacy","exampleBoolean":true,"groupingId":"-ex-example"},{"extension":[{"url":"http://hl7.org/fhir/StructureDefinition/implementationguide-page","valueUri":"Organization-Organization-FastScanRadiology.html"}],"reference":{"reference":"Organization/Organization-FastScanRadiology"},"name":"Organization-FastScanRadiology","description":"Organization - Fast Scan Radiology","exampleBoolean":true,"groupingId":"-ex-example"},{"extension":[{"url":"http://hl7.org/fhir/StructureDefinition/implementationguide-page","valueUri":"Organization-Organization-StJames.html"}],"reference":{"reference":"Organization/Organization-StJames"},"name":"Organization-StJames","description":"Organization - St. Jame's Infirmary","exampleBoolean":true,"groupingId":"-ex-example"},{"extension":[{"url":"http://hl7.org/fhir/StructureDefinition/implementationguide-page","valueUri":"Procedure-Procedure-CTScan.html"}],"reference":{"reference":"Procedure/Procedure-CTScan"},"name":"Procedure-CTScan","description":"Jane Smith - CT Head and Abdomen","exampleBoolean":true,"groupingId":"-ex-example"},{"extension":[{"url":"http://hl7.org/fhir/StructureDefinition/implementationguide-page","valueUri":"Bundle-Receipt-Notification-Payload.html"}],"reference":{"reference":"Bundle/Receipt-Notification-Payload"},"name":"Receipt-Notification-Payload","description":"John Smith - Data payload of a push notification receipt notifying a patient of new claim registered with their patient portal.","exampleBoolean":true,"groupingId":"-ex-example"},{"extension":[{"url":"http://hl7.org/fhir/StructureDefinition/implementationguide-page","valueUri":"Claim-Receipt-Purchase.html"}],"reference":{"reference":"Claim/Receipt-Purchase"},"name":"Receipt-Purchase","description":"John Smith - Over the counter (OTC) purchase receipt for bottle of Zyrtec antihistamine.","exampleBoolean":true,"groupingId":"-ex-example"},{"extension":[{"url":"http://hl7.org/fhir/StructureDefinition/implementationguide-page","valueUri":"Immunization-Receipt-immunization-record.html"}],"reference":{"reference":"Immunization/Receipt-immunization-record"},"name":"Receipt-immunization-record","description":"John Smith - Immunization record for influenza vaccination.","exampleBoolean":true,"groupingId":"-ex-example"},{"extension":[{"url":"http://hl7.org/fhir/StructureDefinition/implementationguide-page","valueUri":"MessageHeader-Receipt-notification-header.html"}],"reference":{"reference":"MessageHeader/Receipt-notification-header"},"name":"Receipt-notification-header","description":"An example patient data receipt message header","exampleCanonical":"https://github.com/Open-Health-Manager/patient-data-receipt-ig/StructureDefinition/PatientDataReceiptHeader","groupingId":"-ex-example"},{"extension":[{"url":"http://hl7.org/fhir/StructureDefinition/implementationguide-page","valueUri":"Patient-janesmith.html"}],"reference":{"reference":"Patient/janesmith"},"name":"Patient - Jane Smith","description":"Patient - Jane Smith","exampleBoolean":true,"groupingId":"-ex-example"},{"extension":[{"url":"http://hl7.org/fhir/StructureDefinition/implementationguide-page","valueUri":"Patient-johnsmith.html"}],"reference":{"reference":"Patient/johnsmith"},"name":"Patient - John Smith","description":"Patient - John Smith","exampleBoolean":true,"groupingId":"-ex-example"},{"extension":[{"url":"http://hl7.org/fhir/StructureDefinition/implementationguide-page","valueUri":"Bundle-pdr-message.html"}],"reference":{"reference":"Bundle/pdr-message"},"name":"PDR Message Example","description":"Example of a full patient data receipt message","exampleBoolean":false,"groupingId":"-other"},{"extension":[{"url":"http://hl7.org/fhir/StructureDefinition/implementationguide-page","valueUri":"Procedure-pdr-create-colonoscopy.html"}],"reference":{"reference":"Procedure/pdr-create-colonoscopy"},"name":"PDR RESTful Create Example","description":"Example of a RESTful create of an individual procedure as a patient data receipt","exampleBoolean":false,"groupingId":"-other"}],"page":{"extension":[{"url":"http://hl7.org/fhir/tools/StructureDefinition/ig-page-name","valueUrl":"toc.html"}],"nameUrl":"toc.html","title":"Table of Contents","generation":"html","page":[{"extension":[{"url":"http://hl7.org/fhir/tools/StructureDefinition/ig-page-name","valueUrl":"index.html"}],"nameUrl":"index.html","title":"Home","generation":"markdown"},{"extension":[{"url":"http://hl7.org/fhir/tools/StructureDefinition/ig-page-name","valueUrl":"connectathon.html"}],"nameUrl":"connectathon.html","title":"Connectathon","generation":"markdown"},{"extension":[{"url":"http://hl7.org/fhir/tools/StructureDefinition/ig-page-name","valueUrl":"Implementation.html"}],"nameUrl":"Implementation.html","title":"Implementation","generation":"markdown"},{"extension":[{"url":"http://hl7.org/fhir/tools/StructureDefinition/ig-page-name","valueUrl":"usecases.html"}],"nameUrl":"usecases.html","title":"Usecases","generation":"markdown"},{"extension":[{"url":"http://hl7.org/fhir/tools/StructureDefinition/ig-page-name","valueUrl":"artifacts.html"}],"nameUrl":"artifacts.html","title":"Artifacts Summary","generation":"html","page":[{"extension":[{"url":"http://hl7.org/fhir/tools/StructureDefinition/ig-page-name","valueUrl":"StructureDefinition-DehydratedBundle.html"}],"nameUrl":"StructureDefinition-DehydratedBundle.html","title":"PDR - Dehydrated Bundle","generation":"generated"},{"extension":[{"url":"http://hl7.org/fhir/tools/StructureDefinition/ig-page-name","valueUrl":"StructureDefinition-DehydratedDocumentManifest.html"}],"nameUrl":"StructureDefinition-DehydratedDocumentManifest.html","title":"PDR - Document Manifest","generation":"generated"},{"extension":[{"url":"http://hl7.org/fhir/tools/StructureDefinition/ig-page-name","valueUrl":"StructureDefinition-PatientDataReceiptHeader.html"}],"nameUrl":"StructureDefinition-PatientDataReceiptHeader.html","title":"PDR - Message Header","generation":"generated"},{"extension":[{"url":"http://hl7.org/fhir/tools/StructureDefinition/ig-page-name","valueUrl":"StructureDefinition-PdrAppointmentReminder.html"}],"nameUrl":"StructureDefinition-PdrAppointmentReminder.html","title":"PDR - Appointment Reminder","generation":"generated"},{"extension":[{"url":"http://hl7.org/fhir/tools/StructureDefinition/ig-page-name","valueUrl":"StructureDefinition-PdrFinancialReceipt.html"}],"nameUrl":"StructureDefinition-PdrFinancialReceipt.html","title":"PDR - Financial Receipt","generation":"generated"},{"extension":[{"url":"http://hl7.org/fhir/tools/StructureDefinition/ig-page-name","valueUrl":"StructureDefinition-VaccineCard.html"}],"nameUrl":"StructureDefinition-VaccineCard.html","title":"PDR - Vaccine Card","generation":"generated"},{"extension":[{"url":"http://hl7.org/fhir/tools/StructureDefinition/ig-page-name","valueUrl":"StructureDefinition-AccountExtension.html"}],"nameUrl":"StructureDefinition-AccountExtension.html","title":"Extension-Account","generation":"generated"},{"extension":[{"url":"http://hl7.org/fhir/tools/StructureDefinition/ig-page-name","valueUrl":"ExampleScenario-ExampleScenario-Appointment.html"}],"nameUrl":"ExampleScenario-ExampleScenario-Appointment.html","title":"ExampleScenario-Appointment","generation":"generated"},{"extension":[{"url":"http://hl7.org/fhir/tools/StructureDefinition/ig-page-name","valueUrl":"ExampleScenario-ExampleScenario-Notification.html"}],"nameUrl":"ExampleScenario-ExampleScenario-Notification.html","title":"ExampleScenario-Notification","generation":"generated"},{"extension":[{"url":"http://hl7.org/fhir/tools/StructureDefinition/ig-page-name","valueUrl":"ExampleScenario-ExampleScenario-PurchaseReceipt.html"}],"nameUrl":"ExampleScenario-ExampleScenario-PurchaseReceipt.html","title":"ExampleScenario-PurchaseReceipt","generation":"generated"},{"extension":[{"url":"http://hl7.org/fhir/tools/StructureDefinition/ig-page-name","valueUrl":"ExampleScenario-ExampleScenario-VaccineCard.html"}],"nameUrl":"ExampleScenario-ExampleScenario-VaccineCard.html","title":"ExampleScenario-VaccineCard","generation":"generated"},{"extension":[{"url":"http://hl7.org/fhir/tools/StructureDefinition/ig-page-name","valueUrl":"Appointment-Appointment-1.html"}],"nameUrl":"Appointment-Appointment-1.html","title":"Appointment-1","generation":"generated"},{"extension":[{"url":"http://hl7.org/fhir/tools/StructureDefinition/ig-page-name","valueUrl":"Condition-Condition-Hematoma.html"}],"nameUrl":"Condition-Condition-Hematoma.html","title":"Condition-Hematoma","generation":"generated"},{"extension":[{"url":"http://hl7.org/fhir/tools/StructureDefinition/ig-page-name","valueUrl":"Device-Device-HealthApp.html"}],"nameUrl":"Device-Device-HealthApp.html","title":"Device-HealthApp","generation":"generated"},{"extension":[{"url":"http://hl7.org/fhir/tools/StructureDefinition/ig-page-name","valueUrl":"Device-Device-HealthManager.html"}],"nameUrl":"Device-Device-HealthManager.html","title":"Device-HealthManager","generation":"generated"},{"extension":[{"url":"http://hl7.org/fhir/tools/StructureDefinition/ig-page-name","valueUrl":"Device-Device-HospitalEhr.html"}],"nameUrl":"Device-Device-HospitalEhr.html","title":"Device-HospitalEhr","generation":"generated"},{"extension":[{"url":"http://hl7.org/fhir/tools/StructureDefinition/ig-page-name","valueUrl":"Device-Device-Smartphone.html"}],"nameUrl":"Device-Device-Smartphone.html","title":"Device-Smartphone","generation":"generated"},{"extension":[{"url":"http://hl7.org/fhir/tools/StructureDefinition/ig-page-name","valueUrl":"Device-Device-Wearable.html"}],"nameUrl":"Device-Device-Wearable.html","title":"Device-Wearable","generation":"generated"},{"extension":[{"url":"http://hl7.org/fhir/tools/StructureDefinition/ig-page-name","valueUrl":"DiagnosticReport-DiagnosticReport-CtScan.html"}],"nameUrl":"DiagnosticReport-DiagnosticReport-CtScan.html","title":"DiagnosticReport-CtScan","generation":"generated"},{"extension":[{"url":"http://hl7.org/fhir/tools/StructureDefinition/ig-page-name","valueUrl":"Encounter-Encounter-StJames-1.html"}],"nameUrl":"Encounter-Encounter-StJames-1.html","title":"Encounter-StJames-1","generation":"generated"},{"extension":[{"url":"http://hl7.org/fhir/tools/StructureDefinition/ig-page-name","valueUrl":"Encounter-Encounter-Telehealth-1.html"}],"nameUrl":"Encounter-Encounter-Telehealth-1.html","title":"Encounter-Telehealth-1","generation":"generated"},{"extension":[{"url":"http://hl7.org/fhir/tools/StructureDefinition/ig-page-name","valueUrl":"Organization-Organization-AcmePharmacy.html"}],"nameUrl":"Organization-Organization-AcmePharmacy.html","title":"Organization-AcmePharmacy","generation":"generated"},{"extension":[{"url":"http://hl7.org/fhir/tools/StructureDefinition/ig-page-name","valueUrl":"Organization-Organization-FastScanRadiology.html"}],"nameUrl":"Organization-Organization-FastScanRadiology.html","title":"Organization-FastScanRadiology","generation":"generated"},{"extension":[{"url":"http://hl7.org/fhir/tools/StructureDefinition/ig-page-name","valueUrl":"Organization-Organization-StJames.html"}],"nameUrl":"Organization-Organization-StJames.html","title":"Organization-StJames","generation":"generated"},{"extension":[{"url":"http://hl7.org/fhir/tools/StructureDefinition/ig-page-name","valueUrl":"Procedure-Procedure-CTScan.html"}],"nameUrl":"Procedure-Procedure-CTScan.html","title":"Procedure-CTScan","generation":"generated"},{"extension":[{"url":"http://hl7.org/fhir/tools/StructureDefinition/ig-page-name","valueUrl":"Bundle-Receipt-Notification-Payload.html"}],"nameUrl":"Bundle-Receipt-Notification-Payload.html","title":"Receipt-Notification-Payload","generation":"generated"},{"extension":[{"url":"http://hl7.org/fhir/tools/StructureDefinition/ig-page-name","valueUrl":"Claim-Receipt-Purchase.html"}],"nameUrl":"Claim-Receipt-Purchase.html","title":"Receipt-Purchase","generation":"generated"},{"extension":[{"url":"http://hl7.org/fhir/tools/StructureDefinition/ig-page-name","valueUrl":"Immunization-Receipt-immunization-record.html"}],"nameUrl":"Immunization-Receipt-immunization-record.html","title":"Receipt-immunization-record","generation":"generated"},{"extension":[{"url":"http://hl7.org/fhir/tools/StructureDefinition/ig-page-name","valueUrl":"MessageHeader-Receipt-notification-header.html"}],"nameUrl":"MessageHeader-Receipt-notification-header.html","title":"Receipt-notification-header","generation":"generated"},{"extension":[{"url":"http://hl7.org/fhir/tools/StructureDefinition/ig-page-name","valueUrl":"Patient-janesmith.html"}],"nameUrl":"Patient-janesmith.html","title":"Patient - Jane Smith","generation":"generated"},{"extension":[{"url":"http://hl7.org/fhir/tools/StructureDefinition/ig-page-name","valueUrl":"Patient-johnsmith.html"}],"nameUrl":"Patient-johnsmith.html","title":"Patient - John Smith","generation":"generated"},{"extension":[{"url":"http://hl7.org/fhir/tools/StructureDefinition/ig-page-name","valueUrl":"Bundle-pdr-message.html"}],"nameUrl":"Bundle-pdr-message.html","title":"PDR Message Example","generation":"generated"},{"extension":[{"url":"http://hl7.org/fhir/tools/StructureDefinition/ig-page-name","valueUrl":"Procedure-pdr-create-colonoscopy.html"}],"nameUrl":"Procedure-pdr-create-colonoscopy.html","title":"PDR RESTful Create Example","generation":"generated"}]}]},"parameter":[{"code":"path-resource","value":"input/capabilities"},{"code":"path-resource","value":"input/examples"},{"code":"path-resource","value":"input/extensions"},{"code":"path-resource","value":"input/models"},{"code":"path-resource","value":"input/operations"},{"code":"path-resource","value":"input/profiles"},{"code":"path-resource","value":"input/resources"},{"code":"path-resource","value":"input/vocabulary"},{"code":"path-resource","value":"input/maps"},{"code":"path-resource","value":"input/testing"},{"code":"path-resource","value":"input/history"},{"code":"path-resource","value":"fsh-generated/resources"},{"code":"path-pages","value":"template/config"},{"code":"path-pages","value":"input/images"},{"code":"path-tx-cache","value":"input-cache/txcache"}]}}