{
  "resourceType": "Bundle",
  "id": "pdr-message",
  "type": "message",
  "entry": [
    {
      "resource": {
        "resourceType": "MessageHeader",
        "text": {
          "status": "extensions",
          "div": "<div xmlns=\"http://www.w3.org/1999/xhtml\"><p><b>Generated Narrative</b></p><div style=\"display: inline-block; background-color: #d9e0e7; padding: 6px; margin: 4px; border: 1px solid #8da1b4; border-radius: 5px; line-height: 60%\"></div><p><b>Account Extension</b>: a394Kutch271</p><p><b>event</b>: <code>urn:mitre:healthmanager:pdr</code></p><h3>Sources</h3><table class=\"grid\"><tr><td>-</td><td><b>Endpoint</b></td></tr><tr><td>*</td><td><a href=\"http://example.org\">http://example.org</a></td></tr></table></div>"
        },
        "extension": [
          {
            "url": "https://github.com/Open-Health-Manager/patient-data-receipt-ig/StructureDefinition/AccountExtension",
            "valueString": "a394Kutch271"
          }
        ],
        "eventUri": "urn:mitre:healthmanager:pdr",
        "source": {
          "endpoint": "http://example.org"
        }
      }
    },
    {
      "resource": {
        "resourceType": "Patient",
        "id": "71a8b156-760b-df6b-859e-eefc7932a526",
        "meta": {
          "profile": [
            "http://hl7.org/fhir/us/core/StructureDefinition/us-core-patient"
          ]
        },
        "text": {
          "status": "generated",
          "div": "<div xmlns=\"http://www.w3.org/1999/xhtml\">Generated by <a href=\"https://github.com/synthetichealth/synthea\">Synthea</a> and Modified by Karl Naden</div>"
        },
        "extension": [
          {
            "extension": [
              {
                "url": "ombCategory",
                "valueCoding": {
                  "system": "urn:oid:2.16.840.1.113883.6.238",
                  "code": "2106-3",
                  "display": "White"
                }
              },
              {
                "url": "text",
                "valueString": "White"
              }
            ],
            "url": "http://hl7.org/fhir/us/core/StructureDefinition/us-core-race"
          },
          {
            "extension": [
              {
                "url": "ombCategory",
                "valueCoding": {
                  "system": "urn:oid:2.16.840.1.113883.6.238",
                  "code": "2186-5",
                  "display": "Not Hispanic or Latino"
                }
              },
              {
                "url": "text",
                "valueString": "Not Hispanic or Latino"
              }
            ],
            "url": "http://hl7.org/fhir/us/core/StructureDefinition/us-core-ethnicity"
          },
          {
            "url": "http://hl7.org/fhir/StructureDefinition/patient-mothersMaidenName",
            "valueString": "Danuta945 Trantow673"
          },
          {
            "url": "http://hl7.org/fhir/us/core/StructureDefinition/us-core-birthsex",
            "valueCode": "F"
          },
          {
            "url": "http://hl7.org/fhir/StructureDefinition/patient-birthPlace",
            "valueAddress": {
              "city": "Amherst Center",
              "state": "Massachusetts",
              "country": "US"
            }
          },
          {
            "url": "http://synthetichealth.github.io/synthea/disability-adjusted-life-years",
            "valueDecimal": 2.6728584014651315
          },
          {
            "url": "http://synthetichealth.github.io/synthea/quality-adjusted-life-years",
            "valueDecimal": 53.327141598534865
          }
        ],
        "identifier": [
          {
            "system": "https://github.com/synthetichealth/synthea",
            "value": "71a8b156-760b-df6b-859e-eefc7932a526"
          },
          {
            "system": "urn:mitre:healthmanager:account:username",
            "value": "a394Kutch271"
          },
          {
            "type": {
              "coding": [
                {
                  "system": "http://terminology.hl7.org/CodeSystem/v2-0203",
                  "code": "MR",
                  "display": "Medical Record Number"
                }
              ],
              "text": "Medical Record Number"
            },
            "system": "http://hospital.smarthealthit.org",
            "value": "71a8b156-760b-df6b-859e-eefc7932a526"
          },
          {
            "type": {
              "coding": [
                {
                  "system": "http://terminology.hl7.org/CodeSystem/v2-0203",
                  "code": "SS",
                  "display": "Social Security Number"
                }
              ],
              "text": "Social Security Number"
            },
            "system": "http://hl7.org/fhir/sid/us-ssn",
            "value": "999-12-3038"
          },
          {
            "type": {
              "coding": [
                {
                  "system": "http://terminology.hl7.org/CodeSystem/v2-0203",
                  "code": "DL",
                  "display": "Driver's License"
                }
              ],
              "text": "Driver's License"
            },
            "system": "urn:oid:2.16.840.1.113883.4.3.25",
            "value": "S99996224"
          },
          {
            "type": {
              "coding": [
                {
                  "system": "http://terminology.hl7.org/CodeSystem/v2-0203",
                  "code": "PPN",
                  "display": "Passport Number"
                }
              ],
              "text": "Passport Number"
            },
            "system": "http://standardhealthrecord.org/fhir/StructureDefinition/passportNumber",
            "value": "X15390510X"
          }
        ],
        "name": [
          {
            "use": "official",
            "family": "Kutch271",
            "given": [
              "Adriana394"
            ],
            "prefix": [
              "Mrs."
            ]
          },
          {
            "use": "maiden",
            "family": "Hintz995",
            "given": [
              "Adriana394"
            ],
            "prefix": [
              "Mrs."
            ]
          }
        ],
        "telecom": [
          {
            "system": "phone",
            "value": "555-237-5240",
            "use": "home"
          }
        ],
        "gender": "female",
        "birthDate": "1966-05-16",
        "address": [
          {
            "extension": [
              {
                "extension": [
                  {
                    "url": "latitude",
                    "valueDecimal": 42.3980503884975
                  },
                  {
                    "url": "longitude",
                    "valueDecimal": -70.97134547950968
                  }
                ],
                "url": "http://hl7.org/fhir/StructureDefinition/geolocation"
              }
            ],
            "line": [
              "455 Bayer Rapid Suite 75"
            ],
            "city": "Boston",
            "state": "MA",
            "postalCode": "02120",
            "country": "US"
          }
        ],
        "maritalStatus": {
          "coding": [
            {
              "system": "http://terminology.hl7.org/CodeSystem/v3-MaritalStatus",
              "code": "L",
              "display": "Legally Separated"
            }
          ],
          "text": "Legally Separated"
        },
        "multipleBirthBoolean": false,
        "communication": [
          {
            "language": {
              "coding": [
                {
                  "system": "urn:ietf:bcp:47",
                  "code": "en-US",
                  "display": "English"
                }
              ],
              "text": "English"
            }
          }
        ]
      }
    },
    {
      "resource": {
        "resourceType": "Encounter",
        "id": "ee6beac6-aaaa-957c-767e-1e1caa5c816c",
        "meta": {
          "profile": [
            "http://hl7.org/fhir/us/core/StructureDefinition/us-core-encounter"
          ]
        },
        "text": {
          "status": "generated",
          "div": "<div xmlns=\"http://www.w3.org/1999/xhtml\"><p><b>Generated Narrative</b></p><div style=\"display: inline-block; background-color: #d9e0e7; padding: 6px; margin: 4px; border: 1px solid #8da1b4; border-radius: 5px; line-height: 60%\"><p style=\"margin-bottom: 0px\">Resource \"ee6beac6-aaaa-957c-767e-1e1caa5c816c\" </p><p style=\"margin-bottom: 0px\">Profile: <code>http://hl7.org/fhir/us/core/StructureDefinition/us-core-encounter</code></p></div><p><b>identifier</b>: id: ee6beac6-aaaa-957c-767e-1e1caa5c816c (OFFICIAL)</p><p><b>status</b>: finished</p><p><b>class</b>: ambulatory (Details: http://terminology.hl7.org/CodeSystem/v3-ActCode code AMB = 'ambulatory', stated as 'null')</p><p><b>type</b>: Encounter for colonoscopy <span style=\"background: LightGoldenRodYellow; margin: 4px; border: 1px solid khaki\"> (<a href=\"https://browser.ihtsdotools.org/\">SNOMED CT</a>#185349003 \"Encounter for colonoscopy (procedure)\")</span></p><p><b>subject</b>: <a href=\"urn:uuid:71a8b156-760b-df6b-859e-eefc7932a526\">urn:uuid:71a8b156-760b-df6b-859e-eefc7932a526: Mrs. Adriana394 Kutch271</a></p><p><b>period</b>: 2022-02-15 10:20:13-0500 --&gt; 2022-02-15 10:35:13-0500</p></div>"
        },
        "identifier": [
          {
            "use": "official",
            "system": "https://github.com/synthetichealth/synthea",
            "value": "ee6beac6-aaaa-957c-767e-1e1caa5c816c"
          }
        ],
        "status": "finished",
        "class": {
          "system": "http://terminology.hl7.org/CodeSystem/v3-ActCode",
          "code": "AMB"
        },
        "type": [
          {
            "coding": [
              {
                "system": "http://snomed.info/sct",
                "code": "185349003",
                "display": "Encounter for colonoscopy (procedure)"
              }
            ],
            "text": "Encounter for colonoscopy"
          }
        ],
        "subject": {
          "reference": "urn:uuid:71a8b156-760b-df6b-859e-eefc7932a526",
          "display": "Mrs. Adriana394 Kutch271"
        },
        "period": {
          "start": "2022-02-15T10:20:13-05:00",
          "end": "2022-02-15T10:35:13-05:00"
        }
      }
    },
    {
      "resource": {
        "resourceType": "Procedure",
        "id": "ee6beac6-aaaa-957c-767e-1e1c925c816c",
        "meta": {
          "profile": [
            "http://hl7.org/fhir/us/core/StructureDefinition/us-core-procedure"
          ]
        },
        "text": {
          "status": "generated",
          "div": "<div xmlns=\"http://www.w3.org/1999/xhtml\">Colonoscopy</div>"
        },
        "identifier": [
          {
            "use": "official",
            "system": "https://github.com/synthetichealth/synthea",
            "value": "ee6beac6-aaaa-957c-767e-1e1c925c816c"
          }
        ],
        "status": "completed",
        "code": {
          "coding": [
            {
              "system": "http://snomed.info/sct",
              "code": "73761001",
              "display": "Colonoscopy (procedure)"
            }
          ],
          "text": "Colonoscopy"
        },
        "subject": {
          "reference": "urn:uuid:71a8b156-760b-df6b-859e-eefc7932a526",
          "display": "Mrs. Adriana394 Kutch271"
        },
        "encounter": {
          "reference": "urn:uuid:ee6beac6-aaaa-957c-767e-1e1caa5c816c"
        },
        "performedDateTime": "2022-02-15T10:20:13-05:00"
      }
    }
  ]
}