<?xml version="1.0" encoding="UTF-8"?><ImplementationGuide xmlns="http://hl7.org/fhir"><id value="mitre.fhir.hm.pdr"/><text><status value="extensions"/><div xmlns="http://www.w3.org/1999/xhtml"><h2>HealthDataReceipt</h2><p>The official URL for this implementation guide is: </p><pre>https://github.com/Open-Health-Manager/patient-data-receipt-ig/ImplementationGuide/mitre.fhir.hm.pdr</pre></div></text><url value="https://github.com/Open-Health-Manager/patient-data-receipt-ig/ImplementationGuide/mitre.fhir.hm.pdr"/><version value="0.2.3"/><name value="HealthDataReceipt"/><status value="draft"/><date value="2022-10-19T19:46:07+00:00"/><publisher value="Health Manager"/><contact><name value="Health Manager"/><telecom><system value="url"/><value value="https://mitre.sharepoint.com/sites/healthmanager"/></telecom></contact><packageId value="mitre.fhir.hm.pdr"/><license value="CC0-1.0"/><fhirVersion value="4.0.1"/><dependsOn id="hl7tx"><uri value="http://terminology.hl7.org/ImplementationGuide/hl7.terminology"/><packageId value="hl7.terminology.r4"/><version value="4.0.0"/></dependsOn><definition><extension url="http://hl7.org/fhir/tools/StructureDefinition/ig-parameter"><extension url="code"><valueString value="copyrightyear"/></extension><extension url="value"><valueString value="2022+"/></extension></extension><extension url="http://hl7.org/fhir/tools/StructureDefinition/ig-parameter"><extension url="code"><valueString value="releaselabel"/></extension><extension url="value"><valueString value="ci-build"/></extension></extension><extension url="http://hl7.org/fhir/tools/StructureDefinition/ig-parameter"><extension url="code"><valueString value="autoload-resources"/></extension><extension url="value"><valueString value="true"/></extension></extension><extension url="http://hl7.org/fhir/tools/StructureDefinition/ig-parameter"><extension url="code"><valueString value="path-liquid"/></extension><extension url="value"><valueString value="template/liquid"/></extension></extension><extension url="http://hl7.org/fhir/tools/StructureDefinition/ig-parameter"><extension url="code"><valueString value="path-liquid"/></extension><extension url="value"><valueString value="input/liquid"/></extension></extension><extension url="http://hl7.org/fhir/tools/StructureDefinition/ig-parameter"><extension url="code"><valueString value="path-qa"/></extension><extension url="value"><valueString value="temp/qa"/></extension></extension><extension url="http://hl7.org/fhir/tools/StructureDefinition/ig-parameter"><extension url="code"><valueString value="path-temp"/></extension><extension url="value"><valueString value="temp/pages"/></extension></extension><extension url="http://hl7.org/fhir/tools/StructureDefinition/ig-parameter"><extension url="code"><valueString value="path-output"/></extension><extension url="value"><valueString value="output"/></extension></extension><extension url="http://hl7.org/fhir/tools/StructureDefinition/ig-parameter"><extension url="code"><valueString value="path-suppressed-warnings"/></extension><extension url="value"><valueString value="input/ignoreWarnings.txt"/></extension></extension><extension url="http://hl7.org/fhir/tools/StructureDefinition/ig-parameter"><extension url="code"><valueString value="path-history"/></extension><extension url="value"><valueString value="https://github.com/Open-Health-Manager/patient-data-receipt-ig/history.html"/></extension></extension><extension url="http://hl7.org/fhir/tools/StructureDefinition/ig-parameter"><extension url="code"><valueString value="template-html"/></extension><extension url="value"><valueString value="template-page.html"/></extension></extension><extension url="http://hl7.org/fhir/tools/StructureDefinition/ig-parameter"><extension url="code"><valueString value="template-md"/></extension><extension url="value"><valueString value="template-page-md.html"/></extension></extension><extension url="http://hl7.org/fhir/tools/StructureDefinition/ig-parameter"><extension url="code"><valueString value="apply-contact"/></extension><extension url="value"><valueString value="true"/></extension></extension><extension url="http://hl7.org/fhir/tools/StructureDefinition/ig-parameter"><extension url="code"><valueString value="apply-context"/></extension><extension url="value"><valueString value="true"/></extension></extension><extension url="http://hl7.org/fhir/tools/StructureDefinition/ig-parameter"><extension url="code"><valueString value="apply-copyright"/></extension><extension url="value"><valueString value="true"/></extension></extension><extension url="http://hl7.org/fhir/tools/StructureDefinition/ig-parameter"><extension url="code"><valueString value="apply-jurisdiction"/></extension><extension url="value"><valueString value="true"/></extension></extension><extension url="http://hl7.org/fhir/tools/StructureDefinition/ig-parameter"><extension url="code"><valueString value="apply-license"/></extension><extension url="value"><valueString value="true"/></extension></extension><extension url="http://hl7.org/fhir/tools/StructureDefinition/ig-parameter"><extension url="code"><valueString value="apply-publisher"/></extension><extension url="value"><valueString value="true"/></extension></extension><extension url="http://hl7.org/fhir/tools/StructureDefinition/ig-parameter"><extension url="code"><valueString value="apply-version"/></extension><extension url="value"><valueString value="true"/></extension></extension><extension url="http://hl7.org/fhir/tools/StructureDefinition/ig-parameter"><extension url="code"><valueString value="active-tables"/></extension><extension url="value"><valueString value="true"/></extension></extension><extension url="http://hl7.org/fhir/tools/StructureDefinition/ig-parameter"><extension url="code"><valueString value="fmm-definition"/></extension><extension url="value"><valueString value="http://hl7.org/fhir/versions.html#maturity"/></extension></extension><extension url="http://hl7.org/fhir/tools/StructureDefinition/ig-parameter"><extension url="code"><valueString value="propagate-status"/></extension><extension url="value"><valueString value="true"/></extension></extension><extension url="http://hl7.org/fhir/tools/StructureDefinition/ig-parameter"><extension url="code"><valueString value="excludelogbinaryformat"/></extension><extension url="value"><valueString value="true"/></extension></extension><extension url="http://hl7.org/fhir/tools/StructureDefinition/ig-parameter"><extension url="code"><valueString value="tabbed-snapshots"/></extension><extension url="value"><valueString value="true"/></extension></extension><extension url="http://hl7.org/fhir/tools/StructureDefinition/ig-parameter"><extension url="code"><valueString value="copyrightyear"/></extension><extension url="value"><valueString value="2022+"/></extension></extension><extension url="http://hl7.org/fhir/tools/StructureDefinition/ig-parameter"><extension url="code"><valueString value="releaselabel"/></extension><extension url="value"><valueString value="ci-build"/></extension></extension><extension url="http://hl7.org/fhir/tools/StructureDefinition/ig-parameter"><extension url="code"><valueString value="autoload-resources"/></extension><extension url="value"><valueString value="true"/></extension></extension><extension url="http://hl7.org/fhir/tools/StructureDefinition/ig-parameter"><extension url="code"><valueString value="path-liquid"/></extension><extension url="value"><valueString value="template/liquid"/></extension></extension><extension url="http://hl7.org/fhir/tools/StructureDefinition/ig-parameter"><extension url="code"><valueString value="path-liquid"/></extension><extension url="value"><valueString value="input/liquid"/></extension></extension><extension url="http://hl7.org/fhir/tools/StructureDefinition/ig-parameter"><extension url="code"><valueString value="path-qa"/></extension><extension url="value"><valueString value="temp/qa"/></extension></extension><extension url="http://hl7.org/fhir/tools/StructureDefinition/ig-parameter"><extension url="code"><valueString value="path-temp"/></extension><extension url="value"><valueString value="temp/pages"/></extension></extension><extension url="http://hl7.org/fhir/tools/StructureDefinition/ig-parameter"><extension url="code"><valueString value="path-output"/></extension><extension url="value"><valueString value="output"/></extension></extension><extension url="http://hl7.org/fhir/tools/StructureDefinition/ig-parameter"><extension url="code"><valueString value="path-suppressed-warnings"/></extension><extension url="value"><valueString value="input/ignoreWarnings.txt"/></extension></extension><extension url="http://hl7.org/fhir/tools/StructureDefinition/ig-parameter"><extension url="code"><valueString value="path-history"/></extension><extension url="value"><valueString value="https://github.com/Open-Health-Manager/patient-data-receipt-ig/history.html"/></extension></extension><extension url="http://hl7.org/fhir/tools/StructureDefinition/ig-parameter"><extension url="code"><valueString value="template-html"/></extension><extension url="value"><valueString value="template-page.html"/></extension></extension><extension url="http://hl7.org/fhir/tools/StructureDefinition/ig-parameter"><extension url="code"><valueString value="template-md"/></extension><extension url="value"><valueString value="template-page-md.html"/></extension></extension><extension url="http://hl7.org/fhir/tools/StructureDefinition/ig-parameter"><extension url="code"><valueString value="apply-contact"/></extension><extension url="value"><valueString value="true"/></extension></extension><extension url="http://hl7.org/fhir/tools/StructureDefinition/ig-parameter"><extension url="code"><valueString value="apply-context"/></extension><extension url="value"><valueString value="true"/></extension></extension><extension url="http://hl7.org/fhir/tools/StructureDefinition/ig-parameter"><extension url="code"><valueString value="apply-copyright"/></extension><extension url="value"><valueString value="true"/></extension></extension><extension url="http://hl7.org/fhir/tools/StructureDefinition/ig-parameter"><extension url="code"><valueString value="apply-jurisdiction"/></extension><extension url="value"><valueString value="true"/></extension></extension><extension url="http://hl7.org/fhir/tools/StructureDefinition/ig-parameter"><extension url="code"><valueString value="apply-license"/></extension><extension url="value"><valueString value="true"/></extension></extension><extension url="http://hl7.org/fhir/tools/StructureDefinition/ig-parameter"><extension url="code"><valueString value="apply-publisher"/></extension><extension url="value"><valueString value="true"/></extension></extension><extension url="http://hl7.org/fhir/tools/StructureDefinition/ig-parameter"><extension url="code"><valueString value="apply-version"/></extension><extension url="value"><valueString value="true"/></extension></extension><extension url="http://hl7.org/fhir/tools/StructureDefinition/ig-parameter"><extension url="code"><valueString value="active-tables"/></extension><extension url="value"><valueString value="true"/></extension></extension><extension url="http://hl7.org/fhir/tools/StructureDefinition/ig-parameter"><extension url="code"><valueString value="fmm-definition"/></extension><extension url="value"><valueString value="http://hl7.org/fhir/versions.html#maturity"/></extension></extension><extension url="http://hl7.org/fhir/tools/StructureDefinition/ig-parameter"><extension url="code"><valueString value="propagate-status"/></extension><extension url="value"><valueString value="true"/></extension></extension><extension url="http://hl7.org/fhir/tools/StructureDefinition/ig-parameter"><extension url="code"><valueString value="excludelogbinaryformat"/></extension><extension url="value"><valueString value="true"/></extension></extension><extension url="http://hl7.org/fhir/tools/StructureDefinition/ig-parameter"><extension url="code"><valueString value="tabbed-snapshots"/></extension><extension url="value"><valueString value="true"/></extension></extension><extension url="http://hl7.org/fhir/tools/StructureDefinition/ig-parameter"><extension url="code"><valueString value="copyrightyear"/></extension><extension url="value"><valueString value="2022+"/></extension></extension><extension url="http://hl7.org/fhir/tools/StructureDefinition/ig-parameter"><extension url="code"><valueString value="releaselabel"/></extension><extension url="value"><valueString value="ci-build"/></extension></extension><extension url="http://hl7.org/fhir/tools/StructureDefinition/ig-parameter"><extension url="code"><valueString value="autoload-resources"/></extension><extension url="value"><valueString value="true"/></extension></extension><extension url="http://hl7.org/fhir/tools/StructureDefinition/ig-parameter"><extension url="code"><valueString value="path-liquid"/></extension><extension url="value"><valueString value="template/liquid"/></extension></extension><extension url="http://hl7.org/fhir/tools/StructureDefinition/ig-parameter"><extension url="code"><valueString value="path-liquid"/></extension><extension url="value"><valueString value="input/liquid"/></extension></extension><extension url="http://hl7.org/fhir/tools/StructureDefinition/ig-parameter"><extension url="code"><valueString value="path-qa"/></extension><extension url="value"><valueString value="temp/qa"/></extension></extension><extension url="http://hl7.org/fhir/tools/StructureDefinition/ig-parameter"><extension url="code"><valueString value="path-temp"/></extension><extension url="value"><valueString value="temp/pages"/></extension></extension><extension url="http://hl7.org/fhir/tools/StructureDefinition/ig-parameter"><extension url="code"><valueString value="path-output"/></extension><extension url="value"><valueString value="output"/></extension></extension><extension url="http://hl7.org/fhir/tools/StructureDefinition/ig-parameter"><extension url="code"><valueString value="path-suppressed-warnings"/></extension><extension url="value"><valueString value="input/ignoreWarnings.txt"/></extension></extension><extension url="http://hl7.org/fhir/tools/StructureDefinition/ig-parameter"><extension url="code"><valueString value="path-history"/></extension><extension url="value"><valueString value="https://github.com/Open-Health-Manager/patient-data-receipt-ig/history.html"/></extension></extension><extension url="http://hl7.org/fhir/tools/StructureDefinition/ig-parameter"><extension url="code"><valueString value="template-html"/></extension><extension url="value"><valueString value="template-page.html"/></extension></extension><extension url="http://hl7.org/fhir/tools/StructureDefinition/ig-parameter"><extension url="code"><valueString value="template-md"/></extension><extension url="value"><valueString value="template-page-md.html"/></extension></extension><extension url="http://hl7.org/fhir/tools/StructureDefinition/ig-parameter"><extension url="code"><valueString value="apply-contact"/></extension><extension url="value"><valueString value="true"/></extension></extension><extension url="http://hl7.org/fhir/tools/StructureDefinition/ig-parameter"><extension url="code"><valueString value="apply-context"/></extension><extension url="value"><valueString value="true"/></extension></extension><extension url="http://hl7.org/fhir/tools/StructureDefinition/ig-parameter"><extension url="code"><valueString value="apply-copyright"/></extension><extension url="value"><valueString value="true"/></extension></extension><extension url="http://hl7.org/fhir/tools/StructureDefinition/ig-parameter"><extension url="code"><valueString value="apply-jurisdiction"/></extension><extension url="value"><valueString value="true"/></extension></extension><extension url="http://hl7.org/fhir/tools/StructureDefinition/ig-parameter"><extension url="code"><valueString value="apply-license"/></extension><extension url="value"><valueString value="true"/></extension></extension><extension url="http://hl7.org/fhir/tools/StructureDefinition/ig-parameter"><extension url="code"><valueString value="apply-publisher"/></extension><extension url="value"><valueString value="true"/></extension></extension><extension url="http://hl7.org/fhir/tools/StructureDefinition/ig-parameter"><extension url="code"><valueString value="apply-version"/></extension><extension url="value"><valueString value="true"/></extension></extension><extension url="http://hl7.org/fhir/tools/StructureDefinition/ig-parameter"><extension url="code"><valueString value="active-tables"/></extension><extension url="value"><valueString value="true"/></extension></extension><extension url="http://hl7.org/fhir/tools/StructureDefinition/ig-parameter"><extension url="code"><valueString value="fmm-definition"/></extension><extension url="value"><valueString value="http://hl7.org/fhir/versions.html#maturity"/></extension></extension><extension url="http://hl7.org/fhir/tools/StructureDefinition/ig-parameter"><extension url="code"><valueString value="propagate-status"/></extension><extension url="value"><valueString value="true"/></extension></extension><extension url="http://hl7.org/fhir/tools/StructureDefinition/ig-parameter"><extension url="code"><valueString value="excludelogbinaryformat"/></extension><extension url="value"><valueString value="true"/></extension></extension><extension url="http://hl7.org/fhir/tools/StructureDefinition/ig-parameter"><extension url="code"><valueString value="tabbed-snapshots"/></extension><extension url="value"><valueString value="true"/></extension></extension><grouping id="-str-profile"><name value="Structures: Resource Profiles"/><description value="These define constraints on FHIR resources for systems conforming to this implementation guide"/></grouping><grouping id="-ex-examplescenario"><name value="Example: Example Scenarios"/><description value="These define groups of interrelated examples that demonstrate one or more of the workflows supported by this implementation guide"/></grouping><grouping id="-ex-example"><name value="Example: Example Instances"/><description value="These are example instances that show what data produced and consumed by systems conforming with this implementation guide might look like"/></grouping><grouping id="-other"><name value="Other"/><description value="These are resources that are used within this implementation guide that do not fit into one of the other categories"/></grouping><resource><extension url="http://hl7.org/fhir/StructureDefinition/implementationguide-page"><valueUri value="StructureDefinition-DehydratedDocumentManifest.html"/></extension><reference><reference value="StructureDefinition/DehydratedDocumentManifest"/></reference><name value="PDR Manifest"/><description value="Data receipt payload structure containing a dehydrated DocumentManifest resource, with links to external data sources."/><exampleBoolean value="false"/><groupingId value="-str-profile"/></resource><resource><extension url="http://hl7.org/fhir/StructureDefinition/implementationguide-page"><valueUri value="StructureDefinition-PatientDataReceiptBundle.html"/></extension><reference><reference value="StructureDefinition/PatientDataReceiptBundle"/></reference><name value="PDR Bundle"/><description value="Data receipt payload structure containing a Bundle resource, with included data sources."/><exampleBoolean value="false"/><groupingId value="-str-profile"/></resource><resource><extension url="http://hl7.org/fhir/StructureDefinition/implementationguide-page"><valueUri value="StructureDefinition-PatientDataReceiptBundleDehydratedBundle.html"/></extension><reference><reference value="StructureDefinition/PatientDataReceiptBundleDehydratedBundle"/></reference><name value="PDR Dehydrated Bundle"/><description value="Data receipt payload structure containing a dehydrated Bundle resource, with links to external data sources."/><exampleBoolean value="false"/><groupingId value="-str-profile"/></resource><resource><extension url="http://hl7.org/fhir/StructureDefinition/implementationguide-page"><valueUri value="StructureDefinition-PatientDataReceiptHeader.html"/></extension><reference><reference value="StructureDefinition/PatientDataReceiptHeader"/></reference><name value="PDR Message Header"/><description value="Message Header for a Patient Data Receipt."/><exampleBoolean value="false"/><groupingId value="-str-profile"/></resource><resource><extension url="http://hl7.org/fhir/StructureDefinition/implementationguide-page"><valueUri value="StructureDefinition-PdrAppointmentReminder.html"/></extension><reference><reference value="StructureDefinition/PdrAppointmentReminder"/></reference><name value="Appointment"/><description value="Data receipt for a scheduled appointment.  Analogous to an appointment reminder business card."/><exampleBoolean value="false"/><groupingId value="-str-profile"/></resource><resource><extension url="http://hl7.org/fhir/StructureDefinition/implementationguide-page"><valueUri value="StructureDefinition-PdrFinancialReceipt.html"/></extension><reference><reference value="StructureDefinition/PdrFinancialReceipt"/></reference><name value="Financial Receipt"/><description value="Financial receipt for over-the-counter (OTC) purchases.  Based off the Claim resource."/><exampleBoolean value="false"/><groupingId value="-str-profile"/></resource><resource><extension url="http://hl7.org/fhir/StructureDefinition/implementationguide-page"><valueUri value="StructureDefinition-VaccineCard.html"/></extension><reference><reference value="StructureDefinition/VaccineCard"/></reference><name value="Vaccine Card"/><description value="Data receipt analog of a vaccination card showing proof of viral immunity."/><exampleBoolean value="false"/><groupingId value="-str-profile"/></resource><resource><extension url="http://hl7.org/fhir/StructureDefinition/implementationguide-page"><valueUri value="Appointment-Appointment-1.html"/></extension><reference><reference value="Appointment/Appointment-1"/></reference><name value="Appointment-1"/><description value="Appointment - Jane Doe at Fast Scan Radiology"/><exampleBoolean value="true"/><groupingId value="-ex-example"/></resource><resource><extension url="http://hl7.org/fhir/StructureDefinition/implementationguide-page"><valueUri value="Condition-Condition-Hematoma.html"/></extension><reference><reference value="Condition/Condition-Hematoma"/></reference><name value="Condition-Hematoma"/><description value="Jane Smith - Hematoma"/><exampleBoolean value="true"/><groupingId value="-ex-example"/></resource><resource><extension url="http://hl7.org/fhir/StructureDefinition/implementationguide-page"><valueUri value="Device-Device-HealthApp.html"/></extension><reference><reference value="Device/Device-HealthApp"/></reference><name value="Device-HealthApp"/><description value="Device - Health App"/><exampleBoolean value="true"/><groupingId value="-ex-example"/></resource><resource><extension url="http://hl7.org/fhir/StructureDefinition/implementationguide-page"><valueUri value="Device-Device-HealthManager.html"/></extension><reference><reference value="Device/Device-HealthManager"/></reference><name value="Device-HealthManager"/><description value="Device - Health Manager"/><exampleBoolean value="true"/><groupingId value="-ex-example"/></resource><resource><extension url="http://hl7.org/fhir/StructureDefinition/implementationguide-page"><valueUri value="Device-Device-HospitalEhr.html"/></extension><reference><reference value="Device/Device-HospitalEhr"/></reference><name value="Device-HospitalEhr"/><description value="Device - Hospital EHR"/><exampleBoolean value="true"/><groupingId value="-ex-example"/></resource><resource><extension url="http://hl7.org/fhir/StructureDefinition/implementationguide-page"><valueUri value="Device-Device-Smartphone.html"/></extension><reference><reference value="Device/Device-Smartphone"/></reference><name value="Device-Smartphone"/><description value="Device - Smart Phone (John Smith)"/><exampleBoolean value="true"/><groupingId value="-ex-example"/></resource><resource><extension url="http://hl7.org/fhir/StructureDefinition/implementationguide-page"><valueUri value="Device-Device-Wearable.html"/></extension><reference><reference value="Device/Device-Wearable"/></reference><name value="Device-Wearable"/><description value="Device - Wearable Smart Clothing"/><exampleBoolean value="true"/><groupingId value="-ex-example"/></resource><resource><extension url="http://hl7.org/fhir/StructureDefinition/implementationguide-page"><valueUri value="DiagnosticReport-DiagnosticReport-CtScan.html"/></extension><reference><reference value="DiagnosticReport/DiagnosticReport-CtScan"/></reference><name value="DiagnosticReport-CtScan"/><description value="Jane Smith - Diagnostic Report for CT Scan"/><exampleBoolean value="true"/><groupingId value="-ex-example"/></resource><resource><extension url="http://hl7.org/fhir/StructureDefinition/implementationguide-page"><valueUri value="Encounter-Encounter-StJames-1.html"/></extension><reference><reference value="Encounter/Encounter-StJames-1"/></reference><name value="Encounter-StJames-1"/><description value="Encounter - John Smith at St. James Infirmary with primary care provider."/><exampleBoolean value="true"/><groupingId value="-ex-example"/></resource><resource><extension url="http://hl7.org/fhir/StructureDefinition/implementationguide-page"><valueUri value="Encounter-Encounter-Telehealth-1.html"/></extension><reference><reference value="Encounter/Encounter-Telehealth-1"/></reference><name value="Encounter-Telehealth-1"/><description value="Encounter - Jane Smith with telehealth app and out-of-network neurologist."/><exampleBoolean value="true"/><groupingId value="-ex-example"/></resource><resource><extension url="http://hl7.org/fhir/StructureDefinition/implementationguide-page"><valueUri value="ExampleScenario-ExampleScenario-Appointment.html"/></extension><reference><reference value="ExampleScenario/ExampleScenario-Appointment"/></reference><name value="ExampleScenario-Appointment"/><description value="Example Scenario:  Appointment"/><exampleBoolean value="false"/><groupingId value="-ex-examplescenario"/></resource><resource><extension url="http://hl7.org/fhir/StructureDefinition/implementationguide-page"><valueUri value="ExampleScenario-ExampleScenario-Notification.html"/></extension><reference><reference value="ExampleScenario/ExampleScenario-Notification"/></reference><name value="ExampleScenario-Notification"/><description value="Example Scenario:  Push Notification"/><exampleBoolean value="false"/><groupingId value="-ex-examplescenario"/></resource><resource><extension url="http://hl7.org/fhir/StructureDefinition/implementationguide-page"><valueUri value="ExampleScenario-ExampleScenario-PurchaseReceipt.html"/></extension><reference><reference value="ExampleScenario/ExampleScenario-PurchaseReceipt"/></reference><name value="ExampleScenario-PurchaseReceipt"/><description value="Example Scenario:  Purchase Receipt"/><exampleBoolean value="false"/><groupingId value="-ex-examplescenario"/></resource><resource><extension url="http://hl7.org/fhir/StructureDefinition/implementationguide-page"><valueUri value="ExampleScenario-ExampleScenario-VaccineCard.html"/></extension><reference><reference value="ExampleScenario/ExampleScenario-VaccineCard"/></reference><name value="ExampleScenario-VaccineCard"/><description value="Example Scenario:  Vaccine Card"/><exampleBoolean value="false"/><groupingId value="-ex-examplescenario"/></resource><resource><extension url="http://hl7.org/fhir/StructureDefinition/implementationguide-page"><valueUri value="Organization-Organization-AcmePharmacy.html"/></extension><reference><reference value="Organization/Organization-AcmePharmacy"/></reference><name value="Organization-AcmePharmacy"/><description value="Organization - ACME Pharmacy"/><exampleBoolean value="true"/><groupingId value="-ex-example"/></resource><resource><extension url="http://hl7.org/fhir/StructureDefinition/implementationguide-page"><valueUri value="Organization-Organization-FastScanRadiology.html"/></extension><reference><reference value="Organization/Organization-FastScanRadiology"/></reference><name value="Organization-FastScanRadiology"/><description value="Organization - Fast Scan Radiology"/><exampleBoolean value="true"/><groupingId value="-ex-example"/></resource><resource><extension url="http://hl7.org/fhir/StructureDefinition/implementationguide-page"><valueUri value="Organization-Organization-StJames.html"/></extension><reference><reference value="Organization/Organization-StJames"/></reference><name value="Organization-StJames"/><description value="Organization - St. Jame's Infirmary"/><exampleBoolean value="true"/><groupingId value="-ex-example"/></resource><resource><extension url="http://hl7.org/fhir/StructureDefinition/implementationguide-page"><valueUri value="Procedure-Procedure-CTScan.html"/></extension><reference><reference value="Procedure/Procedure-CTScan"/></reference><name value="Procedure-CTScan"/><description value="Jane Smith - CT Head and Abdomen"/><exampleBoolean value="true"/><groupingId value="-ex-example"/></resource><resource><extension url="http://hl7.org/fhir/StructureDefinition/implementationguide-page"><valueUri value="Bundle-Receipt-Notification-Payload.html"/></extension><reference><reference value="Bundle/Receipt-Notification-Payload"/></reference><name value="Receipt-Notification-Payload"/><description value="John Smith - Data payload of a push notification receipt notifying a patient of new claim registered with their patient portal."/><exampleBoolean value="true"/><groupingId value="-ex-example"/></resource><resource><extension url="http://hl7.org/fhir/StructureDefinition/implementationguide-page"><valueUri value="Claim-Receipt-Purchase.html"/></extension><reference><reference value="Claim/Receipt-Purchase"/></reference><name value="Receipt-Purchase"/><description value="John Smith - Over the counter (OTC) purchase receipt for bottle of Zyrtec antihistamine."/><exampleBoolean value="true"/><groupingId value="-ex-example"/></resource><resource><extension url="http://hl7.org/fhir/StructureDefinition/implementationguide-page"><valueUri value="Immunization-Receipt-immunization-record.html"/></extension><reference><reference value="Immunization/Receipt-immunization-record"/></reference><name value="Receipt-immunization-record"/><description value="John Smith - Immunization record for influenza vaccination."/><exampleBoolean value="true"/><groupingId value="-ex-example"/></resource><resource><extension url="http://hl7.org/fhir/StructureDefinition/implementationguide-page"><valueUri value="MessageHeader-Receipt-notification-header.html"/></extension><reference><reference value="MessageHeader/Receipt-notification-header"/></reference><name value="Receipt-notification-header"/><description value="An example patient data receipt message header"/><exampleCanonical value="https://github.com/Open-Health-Manager/patient-data-receipt-ig/StructureDefinition/PatientDataReceiptHeader"/><groupingId value="-ex-example"/></resource><resource><extension url="http://hl7.org/fhir/StructureDefinition/implementationguide-page"><valueUri value="MessageHeader-Receipt-notification-header-dehydrated.html"/></extension><reference><reference value="MessageHeader/Receipt-notification-header-dehydrated"/></reference><name value="Receipt-notification-header-dehydrated"/><description value="An example patient data receipt message header"/><exampleCanonical value="https://github.com/Open-Health-Manager/patient-data-receipt-ig/StructureDefinition/PatientDataReceiptHeader"/><groupingId value="-ex-example"/></resource><resource><extension url="http://hl7.org/fhir/StructureDefinition/implementationguide-page"><valueUri value="Patient-janesmith.html"/></extension><reference><reference value="Patient/janesmith"/></reference><name value="Patient - Jane Smith"/><description value="Patient - Jane Smith"/><exampleBoolean value="true"/><groupingId value="-ex-example"/></resource><resource><extension url="http://hl7.org/fhir/StructureDefinition/implementationguide-page"><valueUri value="Patient-johnsmith.html"/></extension><reference><reference value="Patient/johnsmith"/></reference><name value="Patient - John Smith"/><description value="Patient - John Smith"/><exampleBoolean value="true"/><groupingId value="-ex-example"/></resource><resource><extension url="http://hl7.org/fhir/StructureDefinition/implementationguide-page"><valueUri value="Bundle-pdr-bundle-example.html"/></extension><reference><reference value="Bundle/pdr-bundle-example"/></reference><name value="PatientDataReceiptBundleExample"/><description value="An example patient data receipt bundle"/><exampleCanonical value="https://github.com/Open-Health-Manager/patient-data-receipt-ig/StructureDefinition/PatientDataReceiptBundle"/><groupingId value="-ex-example"/></resource><resource><extension url="http://hl7.org/fhir/StructureDefinition/implementationguide-page"><valueUri value="Bundle-pdr-message.html"/></extension><reference><reference value="Bundle/pdr-message"/></reference><name value="PDR Message Example"/><description value="Example of a full patient data receipt message"/><exampleBoolean value="false"/><groupingId value="-other"/></resource><page><extension url="http://hl7.org/fhir/tools/StructureDefinition/ig-page-name"><valueUrl value="toc.html"/></extension><nameUrl value="toc.html"/><title value="Table of Contents"/><generation value="html"/><page><extension url="http://hl7.org/fhir/tools/StructureDefinition/ig-page-name"><valueUrl value="index.html"/></extension><nameUrl value="index.html"/><title value="Home"/><generation value="markdown"/></page><page><extension url="http://hl7.org/fhir/tools/StructureDefinition/ig-page-name"><valueUrl value="connectathon.html"/></extension><nameUrl value="connectathon.html"/><title value="Connectathon"/><generation value="markdown"/></page><page><extension url="http://hl7.org/fhir/tools/StructureDefinition/ig-page-name"><valueUrl value="implementation.html"/></extension><nameUrl value="implementation.html"/><title value="Implementation"/><generation value="markdown"/></page><page><extension url="http://hl7.org/fhir/tools/StructureDefinition/ig-page-name"><valueUrl value="usecases.html"/></extension><nameUrl value="usecases.html"/><title value="Usecases"/><generation value="markdown"/></page><page><extension url="http://hl7.org/fhir/tools/StructureDefinition/ig-page-name"><valueUrl value="artifacts.html"/></extension><nameUrl value="artifacts.html"/><title value="Artifacts Summary"/><generation value="html"/><page><extension url="http://hl7.org/fhir/tools/StructureDefinition/ig-page-name"><valueUrl value="StructureDefinition-DehydratedDocumentManifest.html"/></extension><nameUrl value="StructureDefinition-DehydratedDocumentManifest.html"/><title value="PDR Manifest"/><generation value="generated"/></page><page><extension url="http://hl7.org/fhir/tools/StructureDefinition/ig-page-name"><valueUrl value="StructureDefinition-PatientDataReceiptBundle.html"/></extension><nameUrl value="StructureDefinition-PatientDataReceiptBundle.html"/><title value="PDR Bundle"/><generation value="generated"/></page><page><extension url="http://hl7.org/fhir/tools/StructureDefinition/ig-page-name"><valueUrl value="StructureDefinition-PatientDataReceiptBundleDehydratedBundle.html"/></extension><nameUrl value="StructureDefinition-PatientDataReceiptBundleDehydratedBundle.html"/><title value="PDR Dehydrated Bundle"/><generation value="generated"/></page><page><extension url="http://hl7.org/fhir/tools/StructureDefinition/ig-page-name"><valueUrl value="StructureDefinition-PatientDataReceiptHeader.html"/></extension><nameUrl value="StructureDefinition-PatientDataReceiptHeader.html"/><title value="PDR Message Header"/><generation value="generated"/></page><page><extension url="http://hl7.org/fhir/tools/StructureDefinition/ig-page-name"><valueUrl value="StructureDefinition-PdrAppointmentReminder.html"/></extension><nameUrl value="StructureDefinition-PdrAppointmentReminder.html"/><title value="Appointment"/><generation value="generated"/></page><page><extension url="http://hl7.org/fhir/tools/StructureDefinition/ig-page-name"><valueUrl value="StructureDefinition-PdrFinancialReceipt.html"/></extension><nameUrl value="StructureDefinition-PdrFinancialReceipt.html"/><title value="Financial Receipt"/><generation value="generated"/></page><page><extension url="http://hl7.org/fhir/tools/StructureDefinition/ig-page-name"><valueUrl value="StructureDefinition-VaccineCard.html"/></extension><nameUrl value="StructureDefinition-VaccineCard.html"/><title value="Vaccine Card"/><generation value="generated"/></page><page><extension url="http://hl7.org/fhir/tools/StructureDefinition/ig-page-name"><valueUrl value="ExampleScenario-ExampleScenario-Appointment.html"/></extension><nameUrl value="ExampleScenario-ExampleScenario-Appointment.html"/><title value="ExampleScenario-Appointment"/><generation value="generated"/></page><page><extension url="http://hl7.org/fhir/tools/StructureDefinition/ig-page-name"><valueUrl value="ExampleScenario-ExampleScenario-Notification.html"/></extension><nameUrl value="ExampleScenario-ExampleScenario-Notification.html"/><title value="ExampleScenario-Notification"/><generation value="generated"/></page><page><extension url="http://hl7.org/fhir/tools/StructureDefinition/ig-page-name"><valueUrl value="ExampleScenario-ExampleScenario-PurchaseReceipt.html"/></extension><nameUrl value="ExampleScenario-ExampleScenario-PurchaseReceipt.html"/><title value="ExampleScenario-PurchaseReceipt"/><generation value="generated"/></page><page><extension url="http://hl7.org/fhir/tools/StructureDefinition/ig-page-name"><valueUrl value="ExampleScenario-ExampleScenario-VaccineCard.html"/></extension><nameUrl value="ExampleScenario-ExampleScenario-VaccineCard.html"/><title value="ExampleScenario-VaccineCard"/><generation value="generated"/></page><page><extension url="http://hl7.org/fhir/tools/StructureDefinition/ig-page-name"><valueUrl value="Appointment-Appointment-1.html"/></extension><nameUrl value="Appointment-Appointment-1.html"/><title value="Appointment-1"/><generation value="generated"/></page><page><extension url="http://hl7.org/fhir/tools/StructureDefinition/ig-page-name"><valueUrl value="Condition-Condition-Hematoma.html"/></extension><nameUrl value="Condition-Condition-Hematoma.html"/><title value="Condition-Hematoma"/><generation value="generated"/></page><page><extension url="http://hl7.org/fhir/tools/StructureDefinition/ig-page-name"><valueUrl value="Device-Device-HealthApp.html"/></extension><nameUrl value="Device-Device-HealthApp.html"/><title value="Device-HealthApp"/><generation value="generated"/></page><page><extension url="http://hl7.org/fhir/tools/StructureDefinition/ig-page-name"><valueUrl value="Device-Device-HealthManager.html"/></extension><nameUrl value="Device-Device-HealthManager.html"/><title value="Device-HealthManager"/><generation value="generated"/></page><page><extension url="http://hl7.org/fhir/tools/StructureDefinition/ig-page-name"><valueUrl value="Device-Device-HospitalEhr.html"/></extension><nameUrl value="Device-Device-HospitalEhr.html"/><title value="Device-HospitalEhr"/><generation value="generated"/></page><page><extension url="http://hl7.org/fhir/tools/StructureDefinition/ig-page-name"><valueUrl value="Device-Device-Smartphone.html"/></extension><nameUrl value="Device-Device-Smartphone.html"/><title value="Device-Smartphone"/><generation value="generated"/></page><page><extension url="http://hl7.org/fhir/tools/StructureDefinition/ig-page-name"><valueUrl value="Device-Device-Wearable.html"/></extension><nameUrl value="Device-Device-Wearable.html"/><title value="Device-Wearable"/><generation value="generated"/></page><page><extension url="http://hl7.org/fhir/tools/StructureDefinition/ig-page-name"><valueUrl value="DiagnosticReport-DiagnosticReport-CtScan.html"/></extension><nameUrl value="DiagnosticReport-DiagnosticReport-CtScan.html"/><title value="DiagnosticReport-CtScan"/><generation value="generated"/></page><page><extension url="http://hl7.org/fhir/tools/StructureDefinition/ig-page-name"><valueUrl value="Encounter-Encounter-StJames-1.html"/></extension><nameUrl value="Encounter-Encounter-StJames-1.html"/><title value="Encounter-StJames-1"/><generation value="generated"/></page><page><extension url="http://hl7.org/fhir/tools/StructureDefinition/ig-page-name"><valueUrl value="Encounter-Encounter-Telehealth-1.html"/></extension><nameUrl value="Encounter-Encounter-Telehealth-1.html"/><title value="Encounter-Telehealth-1"/><generation value="generated"/></page><page><extension url="http://hl7.org/fhir/tools/StructureDefinition/ig-page-name"><valueUrl value="Organization-Organization-AcmePharmacy.html"/></extension><nameUrl value="Organization-Organization-AcmePharmacy.html"/><title value="Organization-AcmePharmacy"/><generation value="generated"/></page><page><extension url="http://hl7.org/fhir/tools/StructureDefinition/ig-page-name"><valueUrl value="Organization-Organization-FastScanRadiology.html"/></extension><nameUrl value="Organization-Organization-FastScanRadiology.html"/><title value="Organization-FastScanRadiology"/><generation value="generated"/></page><page><extension url="http://hl7.org/fhir/tools/StructureDefinition/ig-page-name"><valueUrl value="Organization-Organization-StJames.html"/></extension><nameUrl value="Organization-Organization-StJames.html"/><title value="Organization-StJames"/><generation value="generated"/></page><page><extension url="http://hl7.org/fhir/tools/StructureDefinition/ig-page-name"><valueUrl value="Procedure-Procedure-CTScan.html"/></extension><nameUrl value="Procedure-Procedure-CTScan.html"/><title value="Procedure-CTScan"/><generation value="generated"/></page><page><extension url="http://hl7.org/fhir/tools/StructureDefinition/ig-page-name"><valueUrl value="Bundle-Receipt-Notification-Payload.html"/></extension><nameUrl value="Bundle-Receipt-Notification-Payload.html"/><title value="Receipt-Notification-Payload"/><generation value="generated"/></page><page><extension url="http://hl7.org/fhir/tools/StructureDefinition/ig-page-name"><valueUrl value="Claim-Receipt-Purchase.html"/></extension><nameUrl value="Claim-Receipt-Purchase.html"/><title value="Receipt-Purchase"/><generation value="generated"/></page><page><extension url="http://hl7.org/fhir/tools/StructureDefinition/ig-page-name"><valueUrl value="Immunization-Receipt-immunization-record.html"/></extension><nameUrl value="Immunization-Receipt-immunization-record.html"/><title value="Receipt-immunization-record"/><generation value="generated"/></page><page><extension url="http://hl7.org/fhir/tools/StructureDefinition/ig-page-name"><valueUrl value="MessageHeader-Receipt-notification-header.html"/></extension><nameUrl value="MessageHeader-Receipt-notification-header.html"/><title value="Receipt-notification-header"/><generation value="generated"/></page><page><extension url="http://hl7.org/fhir/tools/StructureDefinition/ig-page-name"><valueUrl value="MessageHeader-Receipt-notification-header-dehydrated.html"/></extension><nameUrl value="MessageHeader-Receipt-notification-header-dehydrated.html"/><title value="Receipt-notification-header-dehydrated"/><generation value="generated"/></page><page><extension url="http://hl7.org/fhir/tools/StructureDefinition/ig-page-name"><valueUrl value="Patient-janesmith.html"/></extension><nameUrl value="Patient-janesmith.html"/><title value="Patient - Jane Smith"/><generation value="generated"/></page><page><extension url="http://hl7.org/fhir/tools/StructureDefinition/ig-page-name"><valueUrl value="Patient-johnsmith.html"/></extension><nameUrl value="Patient-johnsmith.html"/><title value="Patient - John Smith"/><generation value="generated"/></page><page><extension url="http://hl7.org/fhir/tools/StructureDefinition/ig-page-name"><valueUrl value="Bundle-pdr-bundle-example.html"/></extension><nameUrl value="Bundle-pdr-bundle-example.html"/><title value="PatientDataReceiptBundleExample"/><generation value="generated"/></page><page><extension url="http://hl7.org/fhir/tools/StructureDefinition/ig-page-name"><valueUrl value="Bundle-pdr-message.html"/></extension><nameUrl value="Bundle-pdr-message.html"/><title value="PDR Message Example"/><generation value="generated"/></page></page></page><parameter><code value="path-resource"/><value value="input/capabilities"/></parameter><parameter><code value="path-resource"/><value value="input/examples"/></parameter><parameter><code value="path-resource"/><value value="input/extensions"/></parameter><parameter><code value="path-resource"/><value value="input/models"/></parameter><parameter><code value="path-resource"/><value value="input/operations"/></parameter><parameter><code value="path-resource"/><value value="input/profiles"/></parameter><parameter><code value="path-resource"/><value value="input/resources"/></parameter><parameter><code value="path-resource"/><value value="input/vocabulary"/></parameter><parameter><code value="path-resource"/><value value="input/maps"/></parameter><parameter><code value="path-resource"/><value value="input/testing"/></parameter><parameter><code value="path-resource"/><value value="input/history"/></parameter><parameter><code value="path-resource"/><value value="fsh-generated/resources"/></parameter><parameter><code value="path-pages"/><value value="template/config"/></parameter><parameter><code value="path-pages"/><value value="input/images"/></parameter><parameter><code value="path-tx-cache"/><value value="input-cache/txcache"/></parameter></definition></ImplementationGuide>