<?xml version="1.0" encoding="UTF-8"?>

<Bundle xmlns="http://hl7.org/fhir">
  <id value="pdr-message"/>
  <type value="message"/>
  <entry>
    <resource>
      <MessageHeader>
        <text>
          <status value="generated"/><div xmlns="http://www.w3.org/1999/xhtml"><p><b>Generated Narrative: MessageHeader</b></p><div style="display: inline-block; background-color: #d9e0e7; padding: 6px; margin: 4px; border: 1px solid #8da1b4; border-radius: 5px; line-height: 60%"></div><p><b>event</b>: <code>urn:mitre:healthmanager:pdr</code></p><h3>Sources</h3><table class="grid"><tr><td>-</td><td><b>Endpoint</b></td></tr><tr><td>*</td><td><a href="http://example.org">http://example.org</a></td></tr></table><p><b>focus</b>: <a href="Patient/pat1">Patient/pat1</a></p></div>
        </text>
        <eventUri value="urn:mitre:healthmanager:pdr"/>
        <source>
          <endpoint value="http://example.org"/>
        </source>
        <focus>
          <reference value="Patient/pat1"/>
        </focus>
      </MessageHeader>
    </resource>
  </entry>
  <entry>
    <resource>
      <Patient>
        <id value="71a8b156-760b-df6b-859e-eefc7932a526"/>
        <meta>
          <profile value="http://hl7.org/fhir/us/core/StructureDefinition/us-core-patient"/>
        </meta>
        <text>
          <status value="generated"/><div xmlns="http://www.w3.org/1999/xhtml">Generated by <a href="https://github.com/synthetichealth/synthea">Synthea</a> and Modified by Karl Naden</div>
        </text>
        <extension url="http://hl7.org/fhir/us/core/StructureDefinition/us-core-race">
          <extension url="ombCategory">
            <valueCoding>
              <system value="urn:oid:2.16.840.1.113883.6.238"/>
              <code value="2106-3"/>
              <display value="White"/>
            </valueCoding>
          </extension>
          <extension url="text">
            <valueString value="White"/>
          </extension>
        </extension>
        <extension url="http://hl7.org/fhir/us/core/StructureDefinition/us-core-ethnicity">
          <extension url="ombCategory">
            <valueCoding>
              <system value="urn:oid:2.16.840.1.113883.6.238"/>
              <code value="2186-5"/>
              <display value="Not Hispanic or Latino"/>
            </valueCoding>
          </extension>
          <extension url="text">
            <valueString value="Not Hispanic or Latino"/>
          </extension>
        </extension>
        <extension url="http://hl7.org/fhir/StructureDefinition/patient-mothersMaidenName">
          <valueString value="Danuta945 Trantow673"/>
        </extension>
        <extension url="http://hl7.org/fhir/us/core/StructureDefinition/us-core-birthsex">
          <valueCode value="F"/>
        </extension>
        <extension url="http://hl7.org/fhir/StructureDefinition/patient-birthPlace">
          <valueAddress>
            <city value="Amherst Center"/>
            <state value="Massachusetts"/>
            <country value="US"/>
          </valueAddress>
        </extension>
        <extension url="http://synthetichealth.github.io/synthea/disability-adjusted-life-years">
          <valueDecimal value="2.6728584014651315"/>
        </extension>
        <extension url="http://synthetichealth.github.io/synthea/quality-adjusted-life-years">
          <valueDecimal value="53.327141598534865"/>
        </extension>
        <identifier>
          <system value="https://github.com/synthetichealth/synthea"/>
          <value value="71a8b156-760b-df6b-859e-eefc7932a526"/>
        </identifier>
        <identifier>
          <system value="urn:mitre:healthmanager:account:username"/>
          <value value="a394Kutch271"/>
        </identifier>
        <identifier>
          <type>
            <coding>
              <system value="http://terminology.hl7.org/CodeSystem/v2-0203"/>
              <code value="MR"/>
              <display value="Medical Record Number"/>
            </coding>
            <text value="Medical Record Number"/>
          </type>
          <system value="http://hospital.smarthealthit.org"/>
          <value value="71a8b156-760b-df6b-859e-eefc7932a526"/>
        </identifier>
        <identifier>
          <type>
            <coding>
              <system value="http://terminology.hl7.org/CodeSystem/v2-0203"/>
              <code value="SS"/>
              <display value="Social Security Number"/>
            </coding>
            <text value="Social Security Number"/>
          </type>
          <system value="http://hl7.org/fhir/sid/us-ssn"/>
          <value value="999-12-3038"/>
        </identifier>
        <identifier>
          <type>
            <coding>
              <system value="http://terminology.hl7.org/CodeSystem/v2-0203"/>
              <code value="DL"/>
              <display value="Driver's License"/>
            </coding>
            <text value="Driver's License"/>
          </type>
          <system value="urn:oid:2.16.840.1.113883.4.3.25"/>
          <value value="S99996224"/>
        </identifier>
        <identifier>
          <type>
            <coding>
              <system value="http://terminology.hl7.org/CodeSystem/v2-0203"/>
              <code value="PPN"/>
              <display value="Passport Number"/>
            </coding>
            <text value="Passport Number"/>
          </type>
          <system value="http://standardhealthrecord.org/fhir/StructureDefinition/passportNumber"/>
          <value value="X15390510X"/>
        </identifier>
        <name>
          <use value="official"/>
          <family value="Kutch271"/>
          <given value="Adriana394"/>
          <prefix value="Mrs."/>
        </name>
        <name>
          <use value="maiden"/>
          <family value="Hintz995"/>
          <given value="Adriana394"/>
          <prefix value="Mrs."/>
        </name>
        <telecom>
          <system value="phone"/>
          <value value="555-237-5240"/>
          <use value="home"/>
        </telecom>
        <gender value="female"/>
        <birthDate value="1966-05-16"/>
        <address>
          <extension url="http://hl7.org/fhir/StructureDefinition/geolocation">
            <extension url="latitude">
              <valueDecimal value="42.3980503884975"/>
            </extension>
            <extension url="longitude">
              <valueDecimal value="-70.97134547950968"/>
            </extension>
          </extension>
          <line value="455 Bayer Rapid Suite 75"/>
          <city value="Boston"/>
          <state value="MA"/>
          <postalCode value="02120"/>
          <country value="US"/>
        </address>
        <maritalStatus>
          <coding>
            <system value="http://terminology.hl7.org/CodeSystem/v3-MaritalStatus"/>
            <code value="L"/>
            <display value="Legally Separated"/>
          </coding>
          <text value="Legally Separated"/>
        </maritalStatus>
        <multipleBirthBoolean value="false"/>
        <communication>
          <language>
            <coding>
              <system value="urn:ietf:bcp:47"/>
              <code value="en-US"/>
              <display value="English"/>
            </coding>
            <text value="English"/>
          </language>
        </communication>
      </Patient>
    </resource>
  </entry>
  <entry>
    <resource>
      <Encounter>
        <id value="ee6beac6-aaaa-957c-767e-1e1caa5c816c"/>
        <meta>
          <profile value="http://hl7.org/fhir/us/core/StructureDefinition/us-core-encounter"/>
        </meta>
        <text>
          <status value="generated"/><div xmlns="http://www.w3.org/1999/xhtml"><p><b>Generated Narrative: Encounter</b><a name="ee6beac6-aaaa-957c-767e-1e1caa5c816c"> </a></p><div style="display: inline-block; background-color: #d9e0e7; padding: 6px; margin: 4px; border: 1px solid #8da1b4; border-radius: 5px; line-height: 60%"><p style="margin-bottom: 0px">Resource Encounter "ee6beac6-aaaa-957c-767e-1e1caa5c816c" </p><p style="margin-bottom: 0px">Profile: <code>http://hl7.org/fhir/us/core/StructureDefinition/us-core-encounter</code></p></div><p><b>identifier</b>: id: ee6beac6-aaaa-957c-767e-1e1caa5c816c (OFFICIAL)</p><p><b>status</b>: finished</p><p><b>class</b>: ambulatory (Details: http://terminology.hl7.org/CodeSystem/v3-ActCode code AMB = 'ambulatory', stated as 'null')</p><p><b>type</b>: Encounter for colonoscopy <span style="background: LightGoldenRodYellow; margin: 4px; border: 1px solid khaki"> (<a href="https://browser.ihtsdotools.org/">SNOMED CT</a>#185349003 "Encounter for colonoscopy (procedure)")</span></p><p><b>subject</b>: <a href="urn:uuid:71a8b156-760b-df6b-859e-eefc7932a526">urn:uuid:71a8b156-760b-df6b-859e-eefc7932a526: Mrs. Adriana394 Kutch271</a></p><p><b>period</b>: 2022-02-15 10:20:13-0500 --&gt; 2022-02-15 10:35:13-0500</p></div>
        </text>
        <identifier>
          <use value="official"/>
          <system value="https://github.com/synthetichealth/synthea"/>
          <value value="ee6beac6-aaaa-957c-767e-1e1caa5c816c"/>
        </identifier>
        <status value="finished"/>
        <class>
          <system value="http://terminology.hl7.org/CodeSystem/v3-ActCode"/>
          <code value="AMB"/>
        </class>
        <type>
          <coding>
            <system value="http://snomed.info/sct"/>
            <code value="185349003"/>
            <display value="Encounter for colonoscopy (procedure)"/>
          </coding>
          <text value="Encounter for colonoscopy"/>
        </type>
        <subject>
          <reference value="urn:uuid:71a8b156-760b-df6b-859e-eefc7932a526"/>
          <display value="Mrs. Adriana394 Kutch271"/>
        </subject>
        <period>
          <start value="2022-02-15T10:20:13-05:00"/>
          <end value="2022-02-15T10:35:13-05:00"/>
        </period>
      </Encounter>
    </resource>
  </entry>
  <entry>
    <resource>
      <Procedure>
        <id value="ee6beac6-aaaa-957c-767e-1e1c925c816c"/>
        <meta>
          <profile value="http://hl7.org/fhir/us/core/StructureDefinition/us-core-procedure"/>
        </meta>
        <text>
          <status value="generated"/><div xmlns="http://www.w3.org/1999/xhtml">Colonoscopy</div>
        </text>
        <identifier>
          <use value="official"/>
          <system value="https://github.com/synthetichealth/synthea"/>
          <value value="ee6beac6-aaaa-957c-767e-1e1c925c816c"/>
        </identifier>
        <status value="completed"/>
        <code>
          <coding>
            <system value="http://snomed.info/sct"/>
            <code value="73761001"/>
            <display value="Colonoscopy (procedure)"/>
          </coding>
          <text value="Colonoscopy"/>
        </code>
        <subject>
          <reference value="urn:uuid:71a8b156-760b-df6b-859e-eefc7932a526"/>
          <display value="Mrs. Adriana394 Kutch271"/>
        </subject>
        <encounter>
          <reference value="urn:uuid:ee6beac6-aaaa-957c-767e-1e1caa5c816c"/>
        </encounter>
        <performedDateTime value="2022-02-15T10:20:13-05:00"/>
      </Procedure>
    </resource>
  </entry>
</Bundle>