{
  "resourceType": "Encounter",
  "id": "Encounter-Telehealth-1",
  "text": {
    "status": "generated",
    "div": "<div xmlns=\"http://www.w3.org/1999/xhtml\"><p><b>Generated Narrative</b></p><div style=\"display: inline-block; background-color: #d9e0e7; padding: 6px; margin: 4px; border: 1px solid #8da1b4; border-radius: 5px; line-height: 60%\"><p style=\"margin-bottom: 0px\">Resource \"Encounter-Telehealth-1\" </p></div><p><b>status</b>: finished</p><p><b>class</b>: virtual (Details: http://terminology.hl7.org/CodeSystem/v3-ActCode code VR = 'virtual', stated as 'virtual')</p></div>"
  },
  "status": "finished",
  "class": {
    "system": "http://terminology.hl7.org/CodeSystem/v3-ActCode",
    "code": "VR",
    "display": "virtual"
  }
}