<?xml version="1.0" encoding="UTF-8"?>

<ExampleScenario xmlns="http://hl7.org/fhir">
  <id value="ExampleScenario-Notification"/>
  <text>
    <status value="generated"/><div xmlns="http://www.w3.org/1999/xhtml"><p><b>Generated Narrative</b></p><div style="display: inline-block; background-color: #d9e0e7; padding: 6px; margin: 4px; border: 1px solid #8da1b4; border-radius: 5px; line-height: 60%"><p style="margin-bottom: 0px">Resource "ExampleScenario-Notification" </p></div><p><b>url</b>: <code>https://github.com/Open-Health-Manager/patient-data-receipt-ig/ExampleScenario/ExampleScenario-Notification</code></p><p><b>version</b>: 0.2.1</p><p><b>status</b>: active</p><p><b>date</b>: 2022-04-18 01:21:56-0500</p><p><b>publisher</b>: Health Manager</p><p><b>contact</b>: Health Manager: <a href="https://mitre.sharepoint.com/sites/healthmanager">https://mitre.sharepoint.com/sites/healthmanager</a></p></div>
  </text>
  <url value="https://github.com/Open-Health-Manager/patient-data-receipt-ig/ExampleScenario/ExampleScenario-Notification"/>
  <version value="0.2.1"/>
  <status value="active"/>
  <date value="2022-04-18T01:21:56-05:00"/>
  <publisher value="Health Manager"/>
  <contact>
    <name value="Health Manager"/>
    <telecom>
      <system value="url"/>
      <value value="https://mitre.sharepoint.com/sites/healthmanager"/>
    </telecom>
  </contact>
</ExampleScenario>