<?xml version="1.0" encoding="UTF-8"?>

<Immunization xmlns="http://hl7.org/fhir">
  <id value="Receipt-immunization-record"/>
  <meta>
    <versionId value="1"/>
    <lastUpdated value="2018-10-04T19:42:52.061-04:00"/>
  </meta>
  <text>
    <status value="generated"/><div xmlns="http://www.w3.org/1999/xhtml"><p><b>Generated Narrative</b></p><div style="display: inline-block; background-color: #d9e0e7; padding: 6px; margin: 4px; border: 1px solid #8da1b4; border-radius: 5px; line-height: 60%"><p style="margin-bottom: 0px">Resource "Receipt-immunization-record" Version "1" Updated "2018-10-04 07:42:52-0400" </p></div><p><b>status</b>: completed</p><p><b>vaccineCode</b>: influenza, injectable, quadrivalent <span style="background: LightGoldenRodYellow; margin: 4px; border: 1px solid khaki"> (<a href="http://terminology.hl7.org/3.1.0/CodeSystem-CVX.html">PH_VaccinesAdministeredCVX_CDC_NIP</a>#158; <a href="http://terminology.hl7.org/3.1.0/CodeSystem-v3-ndc.html">National drug codes</a>#49281-0623-78 "FLUZONE QUADRIVALENT")</span></p><p><b>patient</b>: <a href="Patient/john-smith">Patient/john-smith: John Smith</a></p><p><b>occurrence</b>: 2016-01-08</p><p><b>primarySource</b>: false</p></div>
  </text>
  <status value="completed"/>
  <vaccineCode>
    <coding>
      <system value="http://hl7.org/fhir/sid/cvx"/>
      <code value="158"/>
      <display value="influenza, injectable, quadrivalent"/>
    </coding>
    <coding>
      <system value="http://hl7.org/fhir/sid/ndc"/>
      <code value="49281-0623-78"/>
      <display value="FLUZONE QUADRIVALENT"/>
    </coding>
  </vaccineCode>
  <patient>
    <reference value="Patient/john-smith"/>
    <display value="John Smith"/>
  </patient>
  <occurrenceDateTime value="2016-01-08"/>
  <primarySource value="false"/>
</Immunization>