{
  "resourceType": "MessageHeader",
  "id": "Receipt-notification-header-dehydrated",
  "meta": {
    "profile": [
      "https://github.com/Open-Health-Manager/patient-data-receipt-ig/StructureDefinition/PatientDataReceiptHeader"
    ]
  },
  "text": {
    "status": "generated",
    "div": "<div xmlns=\"http://www.w3.org/1999/xhtml\"><p><b>Generated Narrative: MessageHeader</b><a name=\"Receipt-notification-header-dehydrated\"> </a></p><div style=\"display: inline-block; background-color: #d9e0e7; padding: 6px; margin: 4px; border: 1px solid #8da1b4; border-radius: 5px; line-height: 60%\"><p style=\"margin-bottom: 0px\">Resource MessageHeader \"Receipt-notification-header-dehydrated\" </p><p style=\"margin-bottom: 0px\">Profile: <a href=\"StructureDefinition-PatientDataReceiptHeader.html\">PDR Message Header</a></p></div><p><b>event</b>: <code>urn:mitre:healthmanager:pdr</code></p><h3>Sources</h3><table class=\"grid\"><tr><td>-</td><td><b>Endpoint</b></td></tr><tr><td>*</td><td><a href=\"http://example.org/\">http://example.org/</a></td></tr></table><p><b>focus</b>: </p><ul><li><a href=\"Patient-janesmith.html\">Patient/janesmith</a> \" SMITH\"</li><li><a href=\"DocumentManifest/1235\">DocumentManifest/1235: Table of Contents</a></li></ul></div>"
  },
  "eventUri": "urn:mitre:healthmanager:pdr",
  "source": {
    "endpoint": "http://example.org/"
  },
  "focus": [
    {
      "reference": "Patient/janesmith"
    },
    {
      "reference": "DocumentManifest/1235",
      "display": "Table of Contents"
    }
  ]
}